user_id,wake_session_id,challenge_attempt_id,alarm_id,timestamp,user_total_wake_sessions,user_successful_wake_sessions,user_failed_wake_sessions,user_historical_success_rate,user_avg_completion_time_seconds,user_avg_attempts_per_session,user_avg_snooze_count,user_total_snooze_count,user_recent_snooze_count,user_recent_challenge_success_rate,challenge_type_total_attempts,challenge_type_successful_attempts,challenge_type_success_rate,challenge_type_avg_completion_time,challenge_type_avg_attempts_per_session,challenge_type_easy_attempts,challenge_type_easy_success_rate,challenge_type_medium_attempts,challenge_type_medium_success_rate,challenge_type_hard_attempts,challenge_type_hard_success_rate,current_session_snooze_count,current_session_snooze_duration_minutes,current_session_wake_delay_seconds,alarm_scheduled_hour,alarm_scheduled_minute,alarm_day_of_week,alarm_is_weekend,historical_snooze_avg_around_alarm_time,selected_challenge_type,user_selected_difficulty,is_adaptive_preference,target_is_successful,target_duration_seconds,target_verification_score,target_attempt_number
1001,1,1,2000,2026-01-01T07:00:00+00:00,0,0,0,0.0,0.0,0.0,0.0,0,0,0.0,0,0,0.0,0.0,0.0,0,0.0,0,0.0,0,0.0,0,0,29.5913483042781,7,0,3,0,0.0,dance,adaptive,1,1,18.57,0.886,1
1001,2,2,2000,2026-01-02T07:00:00+00:00,1,1,0,1.0,18.57,1.0,0.0,0,0,1.0,1,1,1.0,18.57,1.0,0,0.0,1,1.0,0,0.0,1,5,350.428423048269,7,0,4,0,0.0,dance,adaptive,1,0,16.93,0.209,1
1001,3,3,2000,2026-01-03T07:00:00+00:00,2,1,1,0.5,18.57,1.0,0.5,1,1,0.5,2,1,0.5,18.57,1.0,0,0.0,2,0.5,0,0.0,1,5,374.7544365342261,7,0,5,1,0.5,dance,hard,0,0,14.66,0.287,1
1001,4,4,2000,2026-01-04T07:00:00+00:00,3,1,2,0.3333,18.57,1.0,0.6667,2,1,0.3333,3,1,0.3333,18.57,1.0,0,0.0,2,0.5,1,0.0,1,5,338.71835043877024,7,0,6,1,0.6667,dance,medium,0,1,4.73,0.816,1
1001,5,5,2000,2026-01-05T07:00:00+00:00,4,2,2,0.5,11.65,1.0,0.75,3,1,0.5,4,2,0.5,11.65,1.0,0,0.0,3,0.6667,1,0.0,0,0,87.84926111834965,7,0,0,0,0.75,dance,hard,0,1,3.09,0.905,1
1001,6,6,2000,2026-01-06T07:00:00+00:00,5,3,2,0.6,8.7967,1.0,0.6,3,0,0.6,0,0,0.0,0.0,0.0,0,0.0,0,0.0,0,0.0,0,0,13.665950692452977,7,0,1,0,0.6,push_ups,easy,0,1,8.98,0.822,1
1001,7,7,2000,2026-01-07T07:00:00+00:00,6,4,2,0.6667,8.8425,1.0,0.5,3,0,0.6,5,3,0.6,8.7967,1.0,0,0.0,3,0.6667,2,0.5,0,0,40.41009800313329,7,0,2,0,0.5,dance,easy,0,1,13.5,0.839,1
1001,8,8,2000,2026-01-08T07:00:00+00:00,7,5,2,0.7143,9.774,1.0,0.4286,3,0,0.8,6,4,0.6667,9.9725,1.0,1,1.0,3,0.6667,2,0.5,0,0,23.69109185584776,7,0,3,0,0.4286,dance,adaptive,1,1,9.43,0.791,1
1001,9,9,2000,2026-01-09T07:00:00+00:00,8,6,2,0.75,9.7167,1.0,0.375,3,0,1.0,7,5,0.7143,9.864,1.0,1,1.0,4,0.75,2,0.5,0,0,77.42815361518477,7,0,4,0,0.375,dance,easy,0,1,12.17,0.829,1
1001,10,10,2000,2026-01-10T07:00:00+00:00,9,7,2,0.7778,10.0671,1.0,0.3333,3,0,1.0,8,6,0.75,10.2483,1.0,2,1.0,4,0.75,2,0.5,0,0,55.37440411828018,7,0,5,1,0.3333,dance,easy,0,1,13.27,0.803,1
1001,11,11,2000,2026-01-11T07:00:00+00:00,10,8,2,0.8,10.4675,1.0,0.3,3,0,1.0,9,7,0.7778,10.68,1.0,3,1.0,4,0.75,2,0.5,2,10,653.1181831733833,7,0,6,1,0.3,dance,hard,0,1,6.04,0.84,1
1001,12,12,2000,2026-01-12T07:00:00+00:00,11,9,2,0.8182,9.9756,1.0,0.4545,5,2,1.0,0,0,0.0,0.0,0.0,0,0.0,0,0.0,0,0.0,3,15,973.3663491490371,7,0,0,0,0.4545,math,hard,0,1,14.88,0.766,1
1001,13,13,2000,2026-01-13T07:00:00+00:00,12,10,2,0.8333,10.466,1.0,0.6667,8,3,1.0,10,8,0.8,10.1,1.0,3,1.0,4,0.75,3,0.6667,0,0,87.68627020908946,7,0,1,0,0.6667,dance,hard,0,1,19.97,0.92,1
1001,14,14,2000,2026-01-14T07:00:00+00:00,13,11,2,0.8462,11.33,1.0,0.6154,8,0,1.0,11,9,0.8182,11.1967,1.0,3,1.0,4,0.75,4,0.75,0,0,37.21403784248362,7,0,2,0,0.6154,dance,medium,0,1,12.58,0.79,1
1001,15,15,2000,2026-01-15T07:00:00+00:00,14,12,2,0.8571,11.4342,1.0,0.5714,8,0,1.0,12,10,0.8333,11.335,1.0,3,1.0,5,0.8,4,0.75,0,0,70.95697592416516,7,0,3,0,0.5714,dance,medium,0,1,17.5,0.96,1
1001,16,16,2000,2026-01-16T07:00:00+00:00,15,13,2,0.8667,11.9008,1.0,0.5333,8,0,1.0,13,11,0.8462,11.8955,1.0,3,1.0,6,0.8333,4,0.75,0,0,71.00086400601211,7,0,4,0,0.5333,dance,easy,0,1,16.34,0.945,1
1001,17,17,2000,2026-01-17T07:00:00+00:00,16,14,2,0.875,12.2179,1.0,0.5,8,0,1.0,14,12,0.8571,12.2658,1.0,4,1.0,6,0.8333,4,0.75,0,0,49.08845664231583,7,0,5,1,0.5,dance,adaptive,1,1,3.0,0.952,1
1001,18,18,2000,2026-01-18T07:00:00+00:00,17,15,2,0.8824,11.6033,1.0,0.4706,8,0,1.0,15,13,0.8667,11.5531,1.0,4,1.0,7,0.8571,4,0.75,0,0,85.75595562383953,7,0,6,1,0.4706,dance,easy,0,1,23.02,0.871,1
1001,19,19,2000,2026-01-19T07:00:00+00:00,18,16,2,0.8889,12.3169,1.0,0.4444,8,0,1.0,16,14,0.875,12.3721,1.0,5,1.0,7,0.8571,4,0.75,1,5,353.98428747959554,7,0,0,0,0.4444,dance,easy,0,1,15.65,0.803,1
1001,20,20,2000,2026-01-20T07:00:00+00:00,19,17,2,0.8947,12.5129,1.0,0.4737,9,1,1.0,17,15,0.8824,12.5907,1.0,6,1.0,7,0.8571,4,0.75,0,0,41.919383999794334,7,0,1,0,0.4737,dance,easy,0,1,8.23,0.843,1
1001,21,21,2000,2026-01-21T07:00:00+00:00,20,18,2,0.9,12.275,1.0,0.45,9,0,1.0,0,0,0.0,0.0,0.0,0,0.0,0,0.0,0,0.0,0,0,15.122071706107594,7,0,2,0,0.45,tongue_twister,adaptive,1,0,5.72,0.104,1
1001,22,22,2000,2026-01-22T07:00:00+00:00,21,18,3,0.8571,12.275,1.0,0.4286,9,0,0.8,18,16,0.8889,12.3181,1.0,7,1.0,7,0.8571,4,0.75,0,0,82.43360104049023,7,0,3,0,0.4286,dance,adaptive,1,1,9.79,0.768,1
1001,23,23,2000,2026-01-23T07:00:00+00:00,22,19,3,0.8636,12.1442,1.0,0.4091,9,0,0.8,19,17,0.8947,12.1694,1.0,7,1.0,8,0.875,4,0.75,0,0,20.584947898002,7,0,4,0,0.4091,dance,hard,0,1,6.9,0.946,1
1001,24,24,2000,2026-01-24T07:00:00+00:00,23,20,3,0.8696,11.882,1.0,0.3913,9,0,0.8,1,1,1.0,14.88,1.0,0,0.0,0,0.0,1,1.0,1,5,343.8862898415937,7,0,5,1,0.3913,math,adaptive,1,1,9.56,0.932,1
1001,25,25,2000,2026-01-25T07:00:00+00:00,24,21,3,0.875,11.7714,1.0,0.4167,10,1,0.8,20,18,0.9,11.8767,1.0,7,1.0,8,0.875,5,0.8,1,5,374.04740086893594,7,0,6,1,0.4167,dance,adaptive,1,1,14.22,0.785,1
1001,26,26,2000,2026-01-26T07:00:00+00:00,25,22,3,0.88,11.8827,1.0,0.44,11,1,0.8,21,19,0.9048,12.0,1.0,7,1.0,9,0.8889,5,0.8,0,0,83.86124794208102,7,0,0,0,0.44,dance,hard,0,1,17.79,0.965,1
1001,27,27,2000,2026-01-27T07:00:00+00:00,26,23,3,0.8846,12.1396,1.0,0.4231,11,0,1.0,22,20,0.9091,12.2895,1.0,7,1.0,9,0.8889,6,0.8333,0,0,53.2470350480244,7,0,1,0,0.4231,dance,adaptive,1,0,18.97,0.23,1
1001,28,28,2000,2026-01-28T07:00:00+00:00,27,23,4,0.8519,12.1396,1.0,0.4074,11,0,0.8,23,20,0.8696,12.2895,1.0,7,1.0,10,0.8,6,0.8333,0,0,42.08322340395621,7,0,2,0,0.4074,dance,hard,0,0,16.63,0.308,1
1001,29,29,2000,2026-01-29T07:00:00+00:00,28,23,5,0.8214,12.1396,1.0,0.3929,11,0,0.6,0,0,0.0,0.0,0.0,0,0.0,0,0.0,0,0.0,0,0,65.727320288013,7,0,3,0,0.3929,memory,hard,0,1,13.53,0.872,1
1001,30,30,2000,2026-01-30T07:00:00+00:00,29,24,5,0.8276,12.1975,1.0,0.3793,11,0,0.6,24,20,0.8333,12.2895,1.0,7,1.0,10,0.8,7,0.7143,0,0,56.3344232653005,7,0,4,0,0.3793,dance,easy,0,1,4.8,0.937,1
1002,31,31,2001,2026-01-01T08:00:00+00:00,0,0,0,0.0,0.0,0.0,0.0,0,0,0.0,0,0,0.0,0.0,0.0,0,0.0,0,0.0,0,0.0,1,5,322.5946182351587,8,0,3,0,0.0,math,hard,0,1,37.81,0.899,1
1002,32,32,2001,2026-01-02T08:00:00+00:00,1,1,0,1.0,37.81,1.0,1.0,1,1,1.0,1,1,1.0,37.81,1.0,0,0.0,0,0.0,1,1.0,1,5,355.5740328110548,8,0,4,0,1.0,math,easy,0,1,36.55,0.76,1
1002,33,33,2001,2026-01-03T08:00:00+00:00,2,2,0,1.0,37.18,1.0,1.0,2,1,1.0,2,2,1.0,37.18,1.0,1,1.0,0,0.0,1,1.0,0,0,26.340735953882913,8,0,5,1,1.0,math,medium,0,1,35.36,0.918,1
1002,34,34,2001,2026-01-04T08:00:00+00:00,3,3,0,1.0,36.5733,1.0,0.6667,2,0,1.0,3,3,1.0,36.5733,1.0,1,1.0,1,1.0,1,1.0,0,0,84.85874299558587,8,0,6,1,0.6667,math,medium,0,0,40.01,0.442,1
1002,35,35,2001,2026-01-05T08:00:00+00:00,4,3,1,0.75,36.5733,1.0,0.5,2,0,0.75,4,3,0.75,36.5733,1.0,1,1.0,2,0.5,1,1.0,3,15,980.4691338949151,8,0,0,0,0.5,math,adaptive,1,1,33.0,0.958,1
1002,36,36,2001,2026-01-06T08:00:00+00:00,5,4,1,0.8,35.68,1.0,1.0,5,3,0.8,5,4,0.8,35.68,1.0,1,1.0,3,0.6667,1,1.0,2,10,618.2869201534569,8,0,1,0,1.0,math,adaptive,1,1,37.14,0.816,1
1002,37,37,2001,2026-01-07T08:00:00+00:00,6,5,1,0.8333,35.972,1.0,1.1667,7,2,0.8,0,0,0.0,0.0,0.0,0,0.0,0,0.0,0,0.0,2,10,626.2877849861962,8,0,2,0,1.1667,push_ups,easy,0,1,34.49,0.976,1
1002,38,38,2001,2026-01-08T08:00:00+00:00,7,6,1,0.8571,35.725,1.0,1.2857,9,2,0.8,0,0,0.0,0.0,0.0,0,0.0,0,0.0,0,0.0,0,0,13.526940943924002,8,0,3,0,1.2857,dance,hard,0,0,40.77,0.172,1
1002,39,39,2001,2026-01-09T08:00:00+00:00,8,6,2,0.75,35.725,1.0,1.125,9,0,0.6,6,5,0.8333,35.972,1.0,1,1.0,4,0.75,1,1.0,4,20,1282.3142857247915,8,0,4,0,1.125,math,hard,0,0,38.35,0.181,1
1002,40,40,2001,2026-01-10T08:00:00+00:00,9,6,3,0.6667,35.725,1.0,1.4444,13,4,0.6,7,5,0.7143,35.972,1.0,1,1.0,4,0.75,2,0.5,1,5,387.7757012013808,8,0,5,1,1.4444,math,medium,0,0,29.3,0.297,1
1002,41,41,2001,2026-01-11T08:00:00+00:00,10,6,4,0.6,35.725,1.0,1.4,14,1,0.4,8,5,0.625,35.972,1.0,1,1.0,5,0.6,2,0.5,3,15,969.9582088914831,8,0,6,1,1.4,math,adaptive,1,1,35.25,0.95,1
1002,42,42,2001,2026-01-12T08:00:00+00:00,11,7,4,0.6364,35.6571,1.0,1.5455,17,3,0.4,9,6,0.6667,35.8517,1.0,1,1.0,6,0.6667,2,0.5,1,5,336.5748374357143,8,0,0,0,1.5455,math,hard,0,1,37.97,0.951,1
1002,43,43,2001,2026-01-13T08:00:00+00:00,12,8,4,0.6667,35.9462,1.0,1.5,18,1,0.4,10,7,0.7,36.1543,1.0,1,1.0,6,0.6667,3,0.6667,1,5,340.60333780775477,8,0,1,0,1.5,math,medium,0,0,31.72,0.605,1
1002,44,44,2001,2026-01-14T08:00:00+00:00,13,8,5,0.6154,35.9462,1.0,1.4615,19,1,0.4,11,7,0.6364,36.1543,1.0,1,1.0,7,0.5714,3,0.6667,4,20,1271.8661309952288,8,0,2,0,1.4615,math,easy,0,1,35.61,0.877,1
1002,45,45,2001,2026-01-15T08:00:00+00:00,14,9,5,0.6429,35.9089,1.0,1.6429,23,4,0.6,12,8,0.6667,36.0862,1.0,2,1.0,7,0.5714,3,0.6667,0,0,19.22734014811421,8,0,3,0,1.6429,math,medium,0,1,40.56,0.816,1
1002,46,46,2001,2026-01-16T08:00:00+00:00,15,10,5,0.6667,36.374,1.0,1.5333,23,0,0.8,13,9,0.6923,36.5833,1.0,2,1.0,8,0.625,3,0.6667,1,5,344.9115107096486,8,0,4,0,1.5333,math,hard,0,1,46.55,0.779,1
1002,47,47,2001,2026-01-17T08:00:00+00:00,16,11,5,0.6875,37.2991,1.0,1.5,24,1,0.8,14,10,0.7143,37.58,1.0,2,1.0,8,0.625,4,0.75,4,20,1285.2210496318044,8,0,5,1,1.5,math,medium,0,1,36.74,0.987,1
1002,48,48,2001,2026-01-18T08:00:00+00:00,17,12,5,0.7059,37.2525,1.0,1.6471,28,4,0.8,1,1,1.0,34.49,1.0,1,1.0,0,0.0,0,0.0,2,10,650.5698003228215,8,0,6,1,1.6471,push_ups,medium,0,1,40.02,0.832,1
1002,49,49,2001,2026-01-19T08:00:00+00:00,18,13,5,0.7222,37.4654,1.0,1.6667,30,2,1.0,15,11,0.7333,37.5036,1.0,2,1.0,9,0.6667,4,0.75,3,15,923.9221874567955,8,0,0,0,1.6667,math,easy,0,1,27.13,0.826,1
1002,50,50,2001,2026-01-20T08:00:00+00:00,19,14,5,0.7368,36.7271,1.0,1.7368,33,3,1.0,16,12,0.75,36.6392,1.0,3,1.0,9,0.6667,4,0.75,4,20,1273.6819808101425,8,0,1,0,1.7368,math,medium,0,0,40.27,0.147,1
1002,51,51,2001,2026-01-21T08:00:00+00:00,20,14,6,0.7,36.7271,1.0,1.85,37,4,0.8,17,12,0.7059,36.6392,1.0,3,1.0,10,0.6,4,0.75,1,5,328.7894878821347,8,0,2,0,1.85,math,medium,0,1,35.98,0.762,1
1002,52,52,2001,2026-01-22T08:00:00+00:00,21,15,6,0.7143,36.6773,1.0,1.8095,38,1,0.8,2,2,1.0,37.255,1.0,1,1.0,1,1.0,0,0.0,1,5,356.05367195274545,8,0,3,0,1.8095,push_ups,adaptive,1,1,32.35,0.846,1
1002,53,53,2001,2026-01-23T08:00:00+00:00,22,16,6,0.7273,36.4069,1.0,1.7727,39,1,0.8,18,13,0.7222,36.5885,1.0,3,1.0,11,0.6364,4,0.75,2,10,671.603695085922,8,0,4,0,1.7727,math,easy,0,0,32.23,0.627,1
1002,54,54,2001,2026-01-24T08:00:00+00:00,23,16,7,0.6957,36.4069,1.0,1.7826,41,2,0.6,19,13,0.6842,36.5885,1.0,4,0.75,11,0.6364,4,0.75,1,5,319.70868793515075,8,0,5,1,1.7826,math,adaptive,1,0,36.41,0.356,1
1002,55,55,2001,2026-01-25T08:00:00+00:00,24,16,8,0.6667,36.4069,1.0,1.75,42,1,0.4,20,13,0.65,36.5885,1.0,4,0.75,12,0.5833,4,0.75,0,0,81.31407406483495,8,0,6,1,1.75,math,medium,0,1,33.86,0.958,1
1002,56,56,2001,2026-01-26T08:00:00+00:00,25,17,8,0.68,36.2571,1.0,1.68,42,0,0.6,21,14,0.6667,36.3936,1.0,4,0.75,13,0.6154,4,0.75,0,0,47.97395494584427,8,0,0,0,1.68,math,easy,0,1,29.18,0.812,1
1002,57,57,2001,2026-01-27T08:00:00+00:00,26,18,8,0.6923,35.8639,1.0,1.6154,42,0,0.6,22,15,0.6818,35.9127,1.0,5,0.8,13,0.6154,4,0.75,4,20,1235.576765473501,8,0,1,0,1.6154,math,hard,0,0,37.34,0.482,1
1002,58,58,2001,2026-01-28T08:00:00+00:00,27,18,9,0.6667,35.8639,1.0,1.7037,46,4,0.4,23,15,0.6522,35.9127,1.0,5,0.8,13,0.6154,5,0.6,4,20,1241.1581450133554,8,0,2,0,1.7037,math,adaptive,1,1,37.77,0.987,1
1002,59,59,2001,2026-01-29T08:00:00+00:00,28,19,9,0.6786,35.9642,1.0,1.7857,50,4,0.6,24,16,0.6667,36.0288,1.0,5,0.8,14,0.6429,5,0.6,1,5,333.88901218979066,8,0,3,0,1.7857,math,hard,0,0,42.38,0.396,1
1002,60,60,2001,2026-01-30T08:00:00+00:00,29,19,10,0.6552,35.9642,1.0,1.7586,51,1,0.6,25,16,0.64,36.0288,1.0,5,0.8,14,0.6429,6,0.5,4,20,1273.8513859536151,8,0,4,0,1.7586,math,easy,0,1,29.02,0.96,1
1003,61,61,2002,2026-01-01T09:00:00+00:00,0,0,0,0.0,0.0,0.0,0.0,0,0,0.0,0,0,0.0,0.0,0.0,0,0.0,0,0.0,0,0.0,0,0,57.35142205023287,9,0,3,0,0.0,push_ups,adaptive,1,1,49.57,0.967,1
1003,62,62,2002,2026-01-02T09:00:00+00:00,1,1,0,1.0,49.57,1.0,0.0,0,0,1.0,0,0,0.0,0.0,0.0,0,0.0,0,0.0,0,0.0,3,15,940.3300972451309,9,0,4,0,0.0,memory,medium,0,1,47.66,0.958,1
1003,63,63,2002,2026-01-03T09:00:00+00:00,2,2,0,1.0,48.615,1.0,1.5,3,3,1.0,1,1,1.0,47.66,1.0,0,0.0,1,1.0,0,0.0,1,5,314.1668486594604,9,0,5,1,1.5,memory,adaptive,1,1,45.3,0.989,1
1003,64,64,2002,2026-01-04T09:00:00+00:00,3,3,0,1.0,47.51,1.0,1.3333,4,1,1.0,2,2,1.0,46.48,1.0,0,0.0,2,1.0,0,0.0,0,0,25.948854589002632,9,0,6,1,1.3333,memory,adaptive,1,0,46.86,0.184,1
1003,65,65,2002,2026-01-05T09:00:00+00:00,4,3,1,0.75,47.51,1.0,1.0,4,0,0.75,3,2,0.6667,46.48,1.0,0,0.0,3,0.6667,0,0.0,0,0,27.43716327252029,9,0,0,0,1.0,memory,adaptive,1,1,45.32,0.902,1
1003,66,66,2002,2026-01-06T09:00:00+00:00,5,4,1,0.8,46.9625,1.0,0.8,4,0,0.8,4,3,0.75,46.0933,1.0,0,0.0,4,0.75,0,0.0,0,0,23.101264813375934,9,0,1,0,0.8,memory,adaptive,1,0,41.99,0.418,1
1003,67,67,2002,2026-01-07T09:00:00+00:00,6,4,2,0.6667,46.9625,1.0,0.6667,4,0,0.6,1,1,1.0,49.57,1.0,0,0.0,1,1.0,0,0.0,1,5,316.0797182274448,9,0,2,0,0.6667,push_ups,hard,0,1,43.38,0.943,1
1003,68,68,2002,2026-01-08T09:00:00+00:00,7,5,2,0.7143,46.246,1.0,0.7143,5,1,0.6,2,2,1.0,46.475,1.0,0,0.0,1,1.0,1,1.0,0,0,55.27460442938527,9,0,3,0,0.7143,push_ups,adaptive,1,0,43.34,0.393,1
1003,69,69,2002,2026-01-09T09:00:00+00:00,8,5,3,0.625,46.246,1.0,0.625,5,0,0.4,5,3,0.6,46.0933,1.0,0,0.0,5,0.6,0,0.0,0,0,37.298493988902656,9,0,4,0,0.625,memory,adaptive,1,1,46.04,0.99,1
1003,70,70,2002,2026-01-10T09:00:00+00:00,9,6,3,0.6667,46.2117,1.0,0.5556,5,0,0.6,6,4,0.6667,46.08,1.0,0,0.0,6,0.6667,0,0.0,0,0,44.838971600614165,9,0,5,1,0.5556,memory,hard,0,1,42.88,0.991,1
1003,71,71,2002,2026-01-11T09:00:00+00:00,10,7,3,0.7,45.7357,1.0,0.5,5,0,0.6,7,5,0.7143,45.44,1.0,0,0.0,6,0.6667,1,1.0,1,5,357.39796952509613,9,0,6,1,0.5,memory,hard,0,0,45.33,0.253,1
1003,72,72,2002,2026-01-12T09:00:00+00:00,11,7,4,0.6364,45.7357,1.0,0.5455,6,1,0.6,8,5,0.625,45.44,1.0,0,0.0,6,0.6667,2,0.5,0,0,63.45507763563948,9,0,0,0,0.5455,memory,hard,0,0,56.67,0.372,1
1003,73,73,2002,2026-01-13T09:00:00+00:00,12,7,5,0.5833,45.7357,1.0,0.5,6,0,0.4,9,5,0.5556,45.44,1.0,0,0.0,6,0.6667,3,0.3333,1,5,337.2271074531427,9,0,1,0,0.5,memory,hard,0,1,43.79,0.753,1
1003,74,74,2002,2026-01-14T09:00:00+00:00,13,8,5,0.6154,45.4925,1.0,0.5385,7,1,0.6,0,0,0.0,0.0,0.0,0,0.0,0,0.0,0,0.0,0,0,49.08622774790299,9,0,2,0,0.5385,dance,easy,0,1,41.17,0.923,1
1003,75,75,2002,2026-01-15T09:00:00+00:00,14,9,5,0.6429,45.0122,1.0,0.5,7,0,0.6,10,6,0.6,45.165,1.0,0,0.0,6,0.6667,4,0.5,4,20,1263.1168017277453,9,0,3,0,0.5,memory,hard,0,0,40.67,0.648,1
1003,76,76,2002,2026-01-16T09:00:00+00:00,15,9,6,0.6,45.0122,1.0,0.7333,11,4,0.4,11,6,0.5455,45.165,1.0,0,0.0,6,0.6667,5,0.4,0,0,31.673314158095707,9,0,4,0,0.7333,memory,medium,0,0,43.49,0.166,1
1003,77,77,2002,2026-01-17T09:00:00+00:00,16,9,7,0.5625,45.0122,1.0,0.6875,11,0,0.4,12,6,0.5,45.165,1.0,0,0.0,7,0.5714,5,0.4,0,0,86.07020483147478,9,0,5,1,0.6875,memory,adaptive,1,1,47.94,0.819,1
1003,78,78,2002,2026-01-18T09:00:00+00:00,17,10,7,0.5882,45.305,1.0,0.6471,11,0,0.6,13,7,0.5385,45.5614,1.0,0,0.0,8,0.625,5,0.4,0,0,76.61026906616543,9,0,6,1,0.6471,memory,medium,0,0,52.64,0.298,1
1003,79,79,2002,2026-01-19T09:00:00+00:00,18,10,8,0.5556,45.305,1.0,0.6111,11,0,0.4,14,7,0.5,45.5614,1.0,0,0.0,9,0.5556,5,0.4,1,5,354.2687173438887,9,0,0,0,0.6111,memory,easy,0,1,52.06,0.873,1
1003,80,80,2002,2026-01-20T09:00:00+00:00,19,11,8,0.5789,45.9191,1.0,0.6316,12,1,0.4,3,2,0.6667,46.475,1.0,0,0.0,2,0.5,1,1.0,4,20,1248.218334981255,9,0,1,0,0.6316,push_ups,medium,0,1,52.18,0.85,1
1003,81,81,2002,2026-01-21T09:00:00+00:00,20,12,8,0.6,46.4408,1.0,0.8,16,4,0.6,15,8,0.5333,46.3738,1.0,1,1.0,9,0.5556,5,0.4,1,5,385.9300513886425,9,0,2,0,0.8,memory,adaptive,1,0,45.07,0.329,1
1003,82,82,2002,2026-01-22T09:00:00+00:00,21,12,9,0.5714,46.4408,1.0,0.8095,17,1,0.6,16,8,0.5,46.3738,1.0,1,1.0,10,0.5,5,0.4,0,0,40.43024209172395,9,0,3,0,0.8095,memory,easy,0,1,51.39,0.824,1
1003,83,83,2002,2026-01-23T09:00:00+00:00,22,13,9,0.5909,46.8215,1.0,0.7727,17,0,0.6,17,9,0.5294,46.9311,1.0,2,1.0,10,0.5,5,0.4,1,5,358.7704729796104,9,0,4,0,0.7727,memory,hard,0,1,48.23,0.803,1
1003,84,84,2002,2026-01-24T09:00:00+00:00,23,14,9,0.6087,46.9221,1.0,0.7826,18,1,0.8,18,10,0.5556,47.061,1.0,2,1.0,10,0.5,6,0.5,4,20,1247.592998320615,9,0,5,1,0.7826,memory,easy,0,0,43.9,0.258,1
1003,85,85,2002,2026-01-25T09:00:00+00:00,24,14,10,0.5833,46.9221,1.0,0.9167,22,4,0.6,19,10,0.5263,47.061,1.0,3,0.6667,10,0.5,6,0.5,3,15,957.1831671364206,9,0,6,1,0.9167,memory,hard,0,1,45.8,0.806,1
1003,86,86,2002,2026-01-26T09:00:00+00:00,25,15,10,0.6,46.8473,1.0,1.0,25,3,0.6,20,11,0.55,46.9464,1.0,3,0.6667,10,0.5,7,0.5714,0,0,15.712786948465132,9,0,0,0,1.0,memory,medium,0,0,47.34,0.269,1
1003,87,87,2002,2026-01-27T09:00:00+00:00,26,15,11,0.5769,46.8473,1.0,0.9615,25,0,0.6,21,11,0.5238,46.9464,1.0,3,0.6667,11,0.4545,7,0.5714,4,20,1253.1985250078412,9,0,1,0,0.9615,memory,medium,0,0,36.44,0.504,1
1003,88,88,2002,2026-01-28T09:00:00+00:00,27,15,12,0.5556,46.8473,1.0,1.0741,29,4,0.4,22,11,0.5,46.9464,1.0,3,0.6667,12,0.4167,7,0.5714,1,5,376.8766891124945,9,0,2,0,1.0741,memory,adaptive,1,1,38.94,0.988,1
1003,89,89,2002,2026-01-29T09:00:00+00:00,28,16,12,0.5714,46.3531,1.0,1.0714,30,1,0.4,23,12,0.5217,46.2792,1.0,3,0.6667,13,0.4615,7,0.5714,0,0,24.015258235037813,9,0,3,0,1.0714,memory,adaptive,1,1,41.23,0.999,1
1003,90,90,2002,2026-01-30T09:00:00+00:00,29,17,12,0.5862,46.0518,1.0,1.0345,30,0,0.6,24,13,0.5417,45.8908,1.0,3,0.6667,14,0.5,7,0.5714,0,0,47.60083159682814,9,0,4,0,1.0345,memory,hard,0,0,46.43,0.277,1
1004,91,91,2003,2026-01-01T07:00:00+00:00,0,0,0,0.0,0.0,0.0,0.0,0,0,0.0,0,0,0.0,0.0,0.0,0,0.0,0,0.0,0,0.0,0,0,65.4938939186746,7,0,3,0,0.0,tongue_twister,easy,0,1,30.63,0.888,1
1004,92,92,2003,2026-01-02T07:00:00+00:00,1,1,0,1.0,30.63,1.0,0.0,0,0,1.0,1,1,1.0,30.63,1.0,1,1.0,0,0.0,0,0.0,2,10,679.1928467241503,7,0,4,0,0.0,tongue_twister,medium,0,1,18.91,0.75,1
1004,93,93,2003,2026-01-03T07:00:00+00:00,2,2,0,1.0,24.77,1.0,1.0,2,2,1.0,2,2,1.0,24.77,1.0,1,1.0,1,1.0,0,0.0,1,5,359.8107098081369,7,0,5,1,1.0,tongue_twister,hard,0,1,20.48,0.817,1
1004,94,94,2003,2026-01-04T07:00:00+00:00,3,3,0,1.0,23.34,1.0,1.0,3,1,1.0,3,3,1.0,23.34,1.0,1,1.0,1,1.0,1,1.0,1,5,319.7140866690096,7,0,6,1,1.0,tongue_twister,medium,0,1,22.58,0.902,1
1004,95,95,2003,2026-01-05T07:00:00+00:00,4,4,0,1.0,23.15,1.0,1.0,4,1,1.0,4,4,1.0,23.15,1.0,1,1.0,2,1.0,1,1.0,0,0,11.093957157284855,7,0,0,0,1.0,tongue_twister,easy,0,1,23.52,0.778,1
1004,96,96,2003,2026-01-06T07:00:00+00:00,5,5,0,1.0,23.224,1.0,0.8,4,0,1.0,0,0,0.0,0.0,0.0,0,0.0,0,0.0,0,0.0,0,0,33.348924820942884,7,0,1,0,0.8,math,hard,0,1,31.47,0.854,1
1004,97,97,2003,2026-01-07T07:00:00+00:00,6,6,0,1.0,24.5983,1.0,0.6667,4,0,1.0,5,5,1.0,23.224,1.0,2,1.0,2,1.0,1,1.0,1,5,340.68688105977196,7,0,2,0,0.6667,tongue_twister,hard,0,1,11.73,0.966,1
1004,98,98,2003,2026-01-08T07:00:00+00:00,7,7,0,1.0,22.76,1.0,0.7143,5,1,1.0,6,6,1.0,21.3083,1.0,2,1.0,2,1.0,2,1.0,0,0,73.01739246114353,7,0,3,0,0.7143,tongue_twister,hard,0,0,21.47,0.101,1
1004,99,99,2003,2026-01-09T07:00:00+00:00,8,7,1,0.875,22.76,1.0,0.625,5,0,0.8,7,6,0.8571,21.3083,1.0,2,1.0,2,1.0,3,0.6667,0,0,45.72379144345555,7,0,4,0,0.625,tongue_twister,hard,0,1,17.8,0.844,1
1004,100,100,2003,2026-01-10T07:00:00+00:00,9,8,1,0.8889,22.14,1.0,0.5556,5,0,0.8,1,1,1.0,31.47,1.0,0,0.0,0,0.0,1,1.0,0,0,28.68499568463145,7,0,5,1,0.5556,math,easy,0,1,29.37,0.761,1
1004,101,101,2003,2026-01-11T07:00:00+00:00,10,9,1,0.9,22.9433,1.0,0.5,5,0,0.8,8,7,0.875,20.8071,1.0,2,1.0,2,1.0,4,0.75,1,5,375.6598041367644,7,0,6,1,0.5,tongue_twister,hard,0,1,20.63,0.876,1
1004,102,102,2003,2026-01-12T07:00:00+00:00,11,10,1,0.9091,22.712,1.0,0.5455,6,1,0.8,9,8,0.8889,20.785,1.0,2,1.0,2,1.0,5,0.8,0,0,45.22449678165417,7,0,0,0,0.5455,tongue_twister,adaptive,1,1,22.04,0.864,1
1004,103,103,2003,2026-01-13T07:00:00+00:00,12,11,1,0.9167,22.6509,1.0,0.5,6,0,0.8,10,9,0.9,20.9244,1.0,2,1.0,3,1.0,5,0.8,0,0,87.5965435232885,7,0,1,0,0.5,tongue_twister,hard,0,0,22.77,0.443,1
1004,104,104,2003,2026-01-14T07:00:00+00:00,13,11,2,0.8462,22.6509,1.0,0.4615,6,0,0.8,11,9,0.8182,20.9244,1.0,2,1.0,3,1.0,6,0.6667,0,0,78.18730692527144,7,0,2,0,0.4615,tongue_twister,adaptive,1,1,18.15,0.845,1
1004,105,105,2003,2026-01-15T07:00:00+00:00,14,12,2,0.8571,22.2758,1.0,0.4286,6,0,0.8,12,10,0.8333,20.647,1.0,2,1.0,4,1.0,6,0.6667,0,0,12.871927987014926,7,0,3,0,0.4286,tongue_twister,hard,0,0,14.35,0.649,1
1004,106,106,2003,2026-01-16T07:00:00+00:00,15,12,3,0.8,22.2758,1.0,0.4,6,0,0.6,13,10,0.7692,20.647,1.0,2,1.0,4,1.0,7,0.5714,0,0,70.82957543954123,7,0,4,0,0.4,tongue_twister,hard,0,1,13.73,0.775,1
1004,107,107,2003,2026-01-17T07:00:00+00:00,16,13,3,0.8125,21.6185,1.0,0.375,6,0,0.6,14,11,0.7857,20.0182,1.0,2,1.0,4,1.0,8,0.625,0,0,13.67927749417702,7,0,5,1,0.375,tongue_twister,medium,0,1,20.7,0.786,1
1004,108,108,2003,2026-01-18T07:00:00+00:00,17,14,3,0.8235,21.5529,1.0,0.3529,6,0,0.6,15,12,0.8,20.075,1.0,2,1.0,5,1.0,8,0.625,2,10,659.5768294829933,7,0,6,1,0.3529,tongue_twister,easy,0,1,26.67,0.978,1
1004,109,109,2003,2026-01-19T07:00:00+00:00,18,15,3,0.8333,21.894,1.0,0.4444,8,2,0.8,16,13,0.8125,20.5823,1.0,3,1.0,5,1.0,8,0.625,0,0,46.76563993413848,7,0,0,0,0.4444,tongue_twister,hard,0,1,26.5,0.822,1
1004,110,110,2003,2026-01-20T07:00:00+00:00,19,16,3,0.8421,22.1819,1.0,0.4211,8,0,0.8,17,14,0.8235,21.005,1.0,3,1.0,5,1.0,9,0.6667,0,0,37.64524995544654,7,0,1,0,0.4211,tongue_twister,adaptive,1,1,18.68,0.91,1
1004,111,111,2003,2026-01-21T07:00:00+00:00,20,17,3,0.85,21.9759,1.0,0.4,8,0,1.0,18,15,0.8333,20.85,1.0,3,1.0,6,1.0,9,0.6667,0,0,34.169733643065086,7,0,2,0,0.4,tongue_twister,medium,0,1,23.44,0.845,1
1004,112,112,2003,2026-01-22T07:00:00+00:00,21,18,3,0.8571,22.0572,1.0,0.381,8,0,1.0,19,16,0.8421,21.0119,1.0,3,1.0,7,1.0,9,0.6667,0,0,33.61846031066155,7,0,3,0,0.381,tongue_twister,medium,0,1,20.11,0.915,1
1004,113,113,2003,2026-01-23T07:00:00+00:00,22,19,3,0.8636,21.9547,1.0,0.3636,8,0,1.0,20,17,0.85,20.9588,1.0,3,1.0,8,1.0,9,0.6667,0,0,69.61377233071761,7,0,4,0,0.3636,tongue_twister,adaptive,1,1,29.09,0.808,1
1004,114,114,2003,2026-01-24T07:00:00+00:00,23,20,3,0.8696,22.3115,1.0,0.3478,8,0,1.0,2,2,1.0,30.42,1.0,1,1.0,0,0.0,1,1.0,0,0,64.22115668986876,7,0,5,1,0.3478,math,easy,0,1,17.05,0.915,1
1004,115,115,2003,2026-01-25T07:00:00+00:00,24,21,3,0.875,22.061,1.0,0.3333,8,0,1.0,0,0,0.0,0.0,0.0,0,0.0,0,0.0,0,0.0,2,10,668.588781435139,7,0,6,1,0.3333,dance,adaptive,1,0,19.68,0.197,1
1004,116,116,2003,2026-01-26T07:00:00+00:00,25,21,4,0.84,22.061,1.0,0.4,10,2,0.8,21,18,0.8571,21.4106,1.0,3,1.0,9,1.0,9,0.6667,0,0,83.07895795853575,7,0,0,0,0.4,tongue_twister,medium,0,1,29.96,0.814,1
1004,117,117,2003,2026-01-27T07:00:00+00:00,26,22,4,0.8462,22.42,1.0,0.3846,10,0,0.8,22,19,0.8636,21.8605,1.0,3,1.0,10,1.0,9,0.6667,0,0,37.0972203041509,7,0,1,0,0.3846,tongue_twister,medium,0,0,24.68,0.632,1
1004,118,118,2003,2026-01-28T07:00:00+00:00,27,22,5,0.8148,22.42,1.0,0.3704,10,0,0.6,23,19,0.8261,21.8605,1.0,3,1.0,11,0.9091,9,0.6667,1,5,331.1566862681939,7,0,2,0,0.3704,tongue_twister,medium,0,0,21.36,0.303,1
1004,119,119,2003,2026-01-29T07:00:00+00:00,28,22,6,0.7857,22.42,1.0,0.3929,11,1,0.4,24,19,0.7917,21.8605,1.0,3,1.0,12,0.8333,9,0.6667,0,0,75.79338409814194,7,0,3,0,0.3929,tongue_twister,medium,0,1,24.84,0.756,1
1004,120,120,2003,2026-01-30T07:00:00+00:00,29,23,6,0.7931,22.5252,1.0,0.3793,11,0,0.4,0,0,0.0,0.0,0.0,0,0.0,0,0.0,0,0.0,0,0,27.709376005919204,7,0,4,0,0.3793,push_ups,medium,0,0,24.3,0.553,1
1005,121,121,2004,2026-01-01T08:00:00+00:00,0,0,0,0.0,0.0,0.0,0.0,0,0,0.0,0,0,0.0,0.0,0.0,0,0.0,0,0.0,0,0.0,3,15,919.2896384580088,8,0,3,0,0.0,memory,hard,0,0,13.18,0.304,1
1005,122,122,2004,2026-01-02T08:00:00+00:00,1,0,1,0.0,0.0,1.0,3.0,3,3,0.0,0,0,0.0,0.0,0.0,0,0.0,0,0.0,0,0.0,0,0,68.12793204457932,8,0,4,0,3.0,push_ups,hard,0,1,16.84,0.914,1
1005,123,123,2004,2026-01-03T08:00:00+00:00,2,1,1,0.5,16.84,1.0,1.5,3,0,0.5,1,1,1.0,16.84,1.0,0,0.0,0,0.0,1,1.0,0,0,32.37921120686309,8,0,5,1,1.5,push_ups,hard,0,1,19.11,0.809,1
1005,124,124,2004,2026-01-04T08:00:00+00:00,3,2,1,0.6667,17.975,1.0,1.0,3,0,0.6667,2,2,1.0,17.975,1.0,0,0.0,0,0.0,2,1.0,0,0,88.22740235616374,8,0,6,1,1.0,push_ups,medium,0,1,23.31,0.85,1
1005,125,125,2004,2026-01-05T08:00:00+00:00,4,3,1,0.75,19.7533,1.0,0.75,3,0,0.75,3,3,1.0,19.7533,1.0,0,0.0,1,1.0,2,1.0,0,0,75.93528655452572,8,0,0,0,0.75,push_ups,adaptive,1,0,19.68,0.634,1
1005,126,126,2004,2026-01-06T08:00:00+00:00,5,3,2,0.6,19.7533,1.0,0.6,3,0,0.6,4,3,0.75,19.7533,1.0,0,0.0,2,0.5,2,1.0,2,10,615.4888122259484,8,0,1,0,0.6,push_ups,medium,0,1,24.94,0.802,1
1005,127,127,2004,2026-01-07T08:00:00+00:00,6,4,2,0.6667,21.05,1.0,0.8333,5,2,0.8,5,4,0.8,21.05,1.0,0,0.0,3,0.6667,2,1.0,0,0,21.804334395315497,8,0,2,0,0.8333,push_ups,easy,0,1,27.88,0.786,1
1005,128,128,2004,2026-01-08T08:00:00+00:00,7,5,2,0.7143,22.416,1.0,0.7143,5,0,0.8,6,5,0.8333,22.416,1.0,1,1.0,3,0.6667,2,1.0,0,0,18.794107831154847,8,0,3,0,0.7143,push_ups,medium,0,1,18.18,0.783,1
1005,129,129,2004,2026-01-09T08:00:00+00:00,8,6,2,0.75,21.71,1.0,0.625,5,0,0.8,7,6,0.8571,21.71,1.0,1,1.0,4,0.75,2,1.0,0,0,11.26248668089282,8,0,4,0,0.625,push_ups,easy,0,1,21.65,0.778,1
1005,130,130,2004,2026-01-10T08:00:00+00:00,9,7,2,0.7778,21.7014,1.0,0.5556,5,0,0.8,8,7,0.875,21.7014,1.0,2,1.0,4,0.75,2,1.0,0,0,51.05903660873533,8,0,5,1,0.5556,push_ups,hard,0,0,21.74,0.377,1
1005,131,131,2004,2026-01-11T08:00:00+00:00,10,7,3,0.7,21.7014,1.0,0.5,5,0,0.8,0,0,0.0,0.0,0.0,0,0.0,0,0.0,0,0.0,0,0,87.12209464976229,8,0,6,1,0.5,dance,medium,0,0,12.98,0.477,1
1005,132,132,2004,2026-01-12T08:00:00+00:00,11,7,4,0.6364,21.7014,1.0,0.4545,5,0,0.6,9,7,0.7778,21.7014,1.0,2,1.0,4,0.75,3,0.6667,2,10,615.2545786656091,8,0,0,0,0.4545,push_ups,hard,0,0,18.67,0.448,1
1005,133,133,2004,2026-01-13T08:00:00+00:00,12,7,5,0.5833,21.7014,1.0,0.5833,7,2,0.4,10,7,0.7,21.7014,1.0,2,1.0,4,0.75,4,0.5,0,0,57.791348415945066,8,0,1,0,0.5833,push_ups,medium,0,1,12.7,0.948,1
1005,134,134,2004,2026-01-14T08:00:00+00:00,13,8,5,0.6154,20.5762,1.0,0.5385,7,0,0.4,11,8,0.7273,20.5762,1.0,2,1.0,5,0.8,4,0.5,0,0,81.04728175907944,8,0,2,0,0.5385,push_ups,easy,0,1,17.82,0.957,1
1005,135,135,2004,2026-01-15T08:00:00+00:00,14,9,5,0.6429,20.27,1.0,0.5,7,0,0.4,12,9,0.75,20.27,1.0,3,1.0,5,0.8,4,0.5,0,0,35.00188569134942,8,0,3,0,0.5,push_ups,adaptive,1,1,25.3,0.869,1
1005,136,136,2004,2026-01-16T08:00:00+00:00,15,10,5,0.6667,20.773,1.0,0.4667,7,0,0.6,13,10,0.7692,20.773,1.0,3,1.0,6,0.8333,4,0.5,2,10,674.9415428221914,8,0,4,0,0.4667,push_ups,adaptive,1,1,15.81,0.897,1
1005,137,137,2004,2026-01-17T08:00:00+00:00,16,11,5,0.6875,20.3218,1.0,0.5625,9,2,0.8,14,11,0.7857,20.3218,1.0,3,1.0,7,0.8571,4,0.5,0,0,42.86469063377265,8,0,5,1,0.5625,push_ups,medium,0,1,22.89,0.979,1
1005,138,138,2004,2026-01-18T08:00:00+00:00,17,12,5,0.7059,20.5358,1.0,0.5294,9,0,1.0,15,12,0.8,20.5358,1.0,3,1.0,8,0.875,4,0.5,0,0,38.13169485545192,8,0,6,1,0.5294,push_ups,medium,0,1,16.1,0.803,1
1005,139,139,2004,2026-01-19T08:00:00+00:00,18,13,5,0.7222,20.1946,1.0,0.5,9,0,1.0,16,13,0.8125,20.1946,1.0,3,1.0,9,0.8889,4,0.5,0,0,38.00911953769529,8,0,0,0,0.5,push_ups,easy,0,1,21.03,0.807,1
1005,140,140,2004,2026-01-20T08:00:00+00:00,19,14,5,0.7368,20.2543,1.0,0.4737,9,0,1.0,17,14,0.8235,20.2543,1.0,4,1.0,9,0.8889,4,0.5,0,0,62.62649823991107,8,0,1,0,0.4737,push_ups,adaptive,1,1,20.67,0.757,1
1005,141,141,2004,2026-01-21T08:00:00+00:00,20,15,5,0.75,20.282,1.0,0.45,9,0,1.0,18,15,0.8333,20.282,1.0,4,1.0,10,0.9,4,0.5,0,0,38.08187365895854,8,0,2,0,0.45,push_ups,medium,0,1,22.55,0.767,1
1005,142,142,2004,2026-01-22T08:00:00+00:00,21,16,5,0.7619,20.4238,1.0,0.4286,9,0,1.0,19,16,0.8421,20.4238,1.0,4,1.0,11,0.9091,4,0.5,1,5,340.0955524562791,8,0,3,0,0.4286,push_ups,adaptive,1,1,23.73,0.789,1
1005,143,143,2004,2026-01-23T08:00:00+00:00,22,17,5,0.7727,20.6182,1.0,0.4545,10,1,1.0,20,17,0.85,20.6182,1.0,4,1.0,12,0.9167,4,0.5,0,0,55.40748452915178,8,0,4,0,0.4545,push_ups,medium,0,0,20.77,0.44,1
1005,144,144,2004,2026-01-24T08:00:00+00:00,23,17,6,0.7391,20.6182,1.0,0.4348,10,0,0.8,21,17,0.8095,20.6182,1.0,4,1.0,13,0.8462,4,0.5,2,10,643.134699030618,8,0,5,1,0.4348,push_ups,medium,0,0,18.95,0.382,1
1005,145,145,2004,2026-01-25T08:00:00+00:00,24,17,7,0.7083,20.6182,1.0,0.5,12,2,0.6,22,17,0.7727,20.6182,1.0,4,1.0,14,0.7857,4,0.5,1,5,348.93062026914004,8,0,6,1,0.5,push_ups,adaptive,1,1,22.81,0.9,1
1005,146,146,2004,2026-01-26T08:00:00+00:00,25,18,7,0.72,20.74,1.0,0.52,13,1,0.6,23,18,0.7826,20.74,1.0,4,1.0,15,0.8,4,0.5,0,0,71.38796218468832,8,0,0,0,0.52,push_ups,medium,0,1,19.41,0.822,1
1005,147,147,2004,2026-01-27T08:00:00+00:00,26,19,7,0.7308,20.67,1.0,0.5,13,0,0.6,24,19,0.7917,20.67,1.0,4,1.0,16,0.8125,4,0.5,0,0,24.055584150067382,8,0,1,0,0.5,push_ups,hard,0,1,16.31,0.958,1
1005,148,148,2004,2026-01-28T08:00:00+00:00,27,20,7,0.7407,20.452,1.0,0.4815,13,0,0.6,1,0,0.0,0.0,1.0,0,0.0,1,0.0,0,0.0,0,0,13.38418092502331,8,0,2,0,0.4815,dance,hard,0,0,12.36,0.607,1
1005,149,149,2004,2026-01-29T08:00:00+00:00,28,20,8,0.7143,20.452,1.0,0.4643,13,0,0.6,25,20,0.8,20.452,1.0,4,1.0,16,0.8125,5,0.6,0,0,66.75991692551474,8,0,3,0,0.4643,push_ups,hard,0,1,18.77,0.831,1
1005,150,150,2004,2026-01-30T08:00:00+00:00,29,21,8,0.7241,20.3719,1.0,0.4483,13,0,0.8,26,21,0.8077,20.3719,1.0,4,1.0,16,0.8125,6,0.6667,0,0,83.58158013931077,8,0,4,0,0.4483,push_ups,hard,0,0,18.68,0.564,1
1006,151,151,2005,2026-01-01T09:00:00+00:00,0,0,0,0.0,0.0,0.0,0.0,0,0,0.0,0,0,0.0,0.0,0.0,0,0.0,0,0.0,0,0.0,0,0,41.66133574874664,9,0,3,0,0.0,dance,hard,0,1,9.6,0.792,1
1006,152,152,2005,2026-01-02T09:00:00+00:00,1,1,0,1.0,9.6,1.0,0.0,0,0,1.0,1,1,1.0,9.6,1.0,0,0.0,0,0.0,1,1.0,0,0,25.512296501352026,9,0,4,0,0.0,dance,adaptive,1,1,15.81,0.838,1
1006,153,153,2005,2026-01-03T09:00:00+00:00,2,2,0,1.0,12.705,1.0,0.0,0,0,1.0,0,0,0.0,0.0,0.0,0,0.0,0,0.0,0,0.0,4,20,1216.0282618863262,9,0,5,1,0.0,math,easy,0,1,8.13,0.891,1
1006,154,154,2005,2026-01-04T09:00:00+00:00,3,3,0,1.0,11.18,1.0,1.3333,4,4,1.0,2,2,1.0,12.705,1.0,0,0.0,1,1.0,1,1.0,0,0,60.17739255198174,9,0,6,1,1.3333,dance,medium,0,1,7.98,0.767,1
1006,155,155,2005,2026-01-05T09:00:00+00:00,4,4,0,1.0,10.38,1.0,1.0,4,0,1.0,3,3,1.0,11.13,1.0,0,0.0,2,1.0,1,1.0,0,0,57.31358054648168,9,0,0,0,1.0,dance,medium,0,1,16.97,0.759,1
1006,156,156,2005,2026-01-06T09:00:00+00:00,5,5,0,1.0,11.698,1.0,0.8,4,0,1.0,4,4,1.0,12.59,1.0,0,0.0,3,1.0,1,1.0,1,5,378.4234697164872,9,0,1,0,0.8,dance,medium,0,1,14.5,0.877,1
1006,157,157,2005,2026-01-07T09:00:00+00:00,6,6,0,1.0,12.165,1.0,0.8333,5,1,1.0,5,5,1.0,12.972,1.0,0,0.0,4,1.0,1,1.0,0,0,74.7852734158377,9,0,2,0,0.8333,dance,adaptive,1,1,9.53,0.788,1
1006,158,158,2005,2026-01-08T09:00:00+00:00,7,7,0,1.0,11.7886,1.0,0.7143,5,0,1.0,6,6,1.0,12.3983,1.0,0,0.0,5,1.0,1,1.0,0,0,76.99017425980435,9,0,3,0,0.7143,dance,adaptive,1,1,17.12,0.771,1
1006,159,159,2005,2026-01-09T09:00:00+00:00,8,8,0,1.0,12.455,1.0,0.625,5,0,1.0,7,7,1.0,13.0729,1.0,0,0.0,6,1.0,1,1.0,0,0,45.020661944738634,9,0,4,0,0.625,dance,adaptive,1,1,9.09,0.843,1
1006,160,160,2005,2026-01-10T09:00:00+00:00,9,9,0,1.0,12.0811,1.0,0.5556,5,0,1.0,8,8,1.0,12.575,1.0,0,0.0,7,1.0,1,1.0,0,0,64.31181764476648,9,0,5,1,0.5556,dance,hard,0,0,11.58,0.447,1
1006,161,161,2005,2026-01-11T09:00:00+00:00,10,9,1,0.9,12.0811,1.0,0.5,5,0,0.8,9,8,0.8889,12.575,1.0,0,0.0,7,1.0,2,0.5,1,5,332.7317579102491,9,0,6,1,0.5,dance,medium,0,1,5.97,0.968,1
1006,162,162,2005,2026-01-12T09:00:00+00:00,11,10,1,0.9091,11.47,1.0,0.5455,6,1,0.8,10,9,0.9,11.8411,1.0,0,0.0,8,1.0,2,0.5,0,0,34.81853900414497,9,0,0,0,0.5455,dance,easy,0,1,3.0,0.916,1
1006,163,163,2005,2026-01-13T09:00:00+00:00,12,11,1,0.9167,10.7,1.0,0.5,6,0,0.8,11,10,0.9091,10.957,1.0,1,1.0,8,1.0,2,0.5,0,0,40.13434448450401,9,0,1,0,0.5,dance,adaptive,1,1,14.88,0.957,1
1006,164,164,2005,2026-01-14T09:00:00+00:00,13,12,1,0.9231,11.0483,1.0,0.4615,6,0,0.8,12,11,0.9167,11.3136,1.0,1,1.0,9,1.0,2,0.5,0,0,43.8725093057683,9,0,2,0,0.4615,dance,adaptive,1,1,5.13,0.841,1
1006,165,165,2005,2026-01-15T09:00:00+00:00,14,13,1,0.9286,10.5931,1.0,0.4286,6,0,0.8,13,12,0.9231,10.7983,1.0,1,1.0,10,1.0,2,0.5,0,0,71.29249661342556,9,0,3,0,0.4286,dance,easy,0,1,14.9,0.824,1
1006,166,166,2005,2026-01-16T09:00:00+00:00,15,14,1,0.9333,10.9007,1.0,0.4,6,0,1.0,14,13,0.9286,11.1138,1.0,2,1.0,10,1.0,2,0.5,0,0,80.11142180341935,9,0,4,0,0.4,dance,adaptive,1,1,12.0,0.899,1
1006,167,167,2005,2026-01-17T09:00:00+00:00,16,15,1,0.9375,10.974,1.0,0.375,6,0,1.0,15,14,0.9333,11.1771,1.0,2,1.0,11,1.0,2,0.5,0,0,71.68782509847907,9,0,5,1,0.375,dance,easy,0,1,14.72,0.853,1
1006,168,168,2005,2026-01-18T09:00:00+00:00,17,16,1,0.9412,11.2081,1.0,0.3529,6,0,1.0,16,15,0.9375,11.4133,1.0,3,1.0,11,1.0,2,0.5,0,0,58.84763377006526,9,0,6,1,0.3529,dance,easy,0,1,16.63,0.946,1
1006,169,169,2005,2026-01-19T09:00:00+00:00,18,17,1,0.9444,11.5271,1.0,0.3333,6,0,1.0,17,16,0.9412,11.7394,1.0,4,1.0,11,1.0,2,0.5,0,0,74.68990968726291,9,0,0,0,0.3333,dance,easy,0,1,14.44,0.987,1
1006,170,170,2005,2026-01-20T09:00:00+00:00,19,18,1,0.9474,11.6889,1.0,0.3158,6,0,1.0,0,0,0.0,0.0,0.0,0,0.0,0,0.0,0,0.0,0,0,50.23253531900632,9,0,1,0,0.3158,tongue_twister,medium,0,1,7.88,0.791,1
1006,171,171,2005,2026-01-21T09:00:00+00:00,20,19,1,0.95,11.4884,1.0,0.3,6,0,1.0,18,17,0.9444,11.8982,1.0,5,1.0,11,1.0,2,0.5,0,0,14.174384260880366,9,0,2,0,0.3,dance,easy,0,1,3.95,0.928,1
1006,172,172,2005,2026-01-22T09:00:00+00:00,21,20,1,0.9524,11.1115,1.0,0.2857,6,0,1.0,19,18,0.9474,11.4567,1.0,6,1.0,11,1.0,2,0.5,0,0,71.04934642333527,9,0,3,0,0.2857,dance,adaptive,1,1,20.44,0.976,1
1006,173,173,2005,2026-01-23T09:00:00+00:00,22,21,1,0.9545,11.5557,1.0,0.2727,6,0,1.0,20,19,0.95,11.9295,1.0,6,1.0,12,1.0,2,0.5,1,5,375.33626046844006,9,0,4,0,0.2727,dance,hard,0,1,16.69,0.849,1
1006,174,174,2005,2026-01-24T09:00:00+00:00,23,22,1,0.9565,11.7891,1.0,0.3043,7,1,1.0,21,20,0.9524,12.1675,1.0,6,1.0,12,1.0,3,0.6667,0,0,39.993013873421404,9,0,5,1,0.3043,dance,hard,0,0,9.81,0.612,1
1006,175,175,2005,2026-01-25T09:00:00+00:00,24,22,2,0.9167,11.7891,1.0,0.2917,7,0,0.8,0,0,0.0,0.0,0.0,0,0.0,0,0.0,0,0.0,2,10,665.6857590860786,9,0,6,1,0.2917,memory,easy,0,1,10.5,0.751,1
1006,176,176,2005,2026-01-26T09:00:00+00:00,25,23,2,0.92,11.733,1.0,0.36,9,2,0.8,22,20,0.9091,12.1675,1.0,6,1.0,12,1.0,4,0.5,0,0,21.961569517138145,9,0,0,0,0.36,dance,medium,0,1,6.76,0.902,1
1006,177,177,2005,2026-01-27T09:00:00+00:00,26,24,2,0.9231,11.5258,1.0,0.3462,9,0,0.8,23,21,0.913,11.91,1.0,6,1.0,13,1.0,4,0.5,0,0,19.747867612689404,9,0,1,0,0.3462,dance,medium,0,1,7.51,0.766,1
1006,178,178,2005,2026-01-28T09:00:00+00:00,27,25,2,0.9259,11.3652,1.0,0.3333,9,0,0.8,1,1,1.0,7.88,1.0,0,0.0,1,1.0,0,0.0,0,0,56.003796602450684,9,0,2,0,0.3333,tongue_twister,adaptive,1,1,6.65,0.823,1
1006,179,179,2005,2026-01-29T09:00:00+00:00,28,26,2,0.9286,11.1838,1.0,0.3214,9,0,0.8,24,22,0.9167,11.71,1.0,6,1.0,14,1.0,4,0.5,0,0,43.32540761668319,9,0,3,0,0.3214,dance,medium,0,1,23.64,0.767,1
1006,180,180,2005,2026-01-30T09:00:00+00:00,29,27,2,0.931,11.6452,1.0,0.3103,9,0,1.0,25,23,0.92,12.2287,1.0,6,1.0,15,1.0,4,0.5,0,0,47.61080625267888,9,0,4,0,0.3103,dance,adaptive,1,1,18.95,0.995,1
1007,181,181,2006,2026-01-01T07:00:00+00:00,0,0,0,0.0,0.0,0.0,0.0,0,0,0.0,0,0,0.0,0.0,0.0,0,0.0,0,0.0,0,0.0,4,20,1256.5522657246513,7,0,3,0,0.0,math,adaptive,1,1,38.12,0.835,1
1007,182,182,2006,2026-01-02T07:00:00+00:00,1,1,0,1.0,38.12,1.0,4.0,4,4,1.0,1,1,1.0,38.12,1.0,0,0.0,1,1.0,0,0.0,0,0,48.282493729433924,7,0,4,0,4.0,math,hard,0,0,38.46,0.174,1
1007,183,183,2006,2026-01-03T07:00:00+00:00,2,1,1,0.5,38.12,1.0,2.0,4,0,0.5,2,1,0.5,38.12,1.0,0,0.0,1,1.0,1,0.0,4,20,1234.8060706349513,7,0,5,1,2.0,math,hard,0,0,37.26,0.12,1
1007,184,184,2006,2026-01-04T07:00:00+00:00,3,1,2,0.3333,38.12,1.0,2.6667,8,4,0.3333,3,1,0.3333,38.12,1.0,0,0.0,1,1.0,2,0.0,4,20,1239.441533945174,7,0,6,1,2.6667,math,medium,0,1,29.81,0.936,1
1007,185,185,2006,2026-01-05T07:00:00+00:00,4,2,2,0.5,33.965,1.0,3.0,12,4,0.5,0,0,0.0,0.0,0.0,0,0.0,0,0.0,0,0.0,0,0,49.69625812296181,7,0,0,0,3.0,tongue_twister,medium,0,1,40.38,0.95,1
1007,186,186,2006,2026-01-06T07:00:00+00:00,5,3,2,0.6,36.1033,1.0,2.4,12,0,0.6,4,2,0.5,33.965,1.0,0,0.0,2,1.0,2,0.0,1,5,324.4365188750472,7,0,1,0,2.4,math,adaptive,1,1,32.23,0.776,1
1007,187,187,2006,2026-01-07T07:00:00+00:00,6,4,2,0.6667,35.135,1.0,2.1667,13,1,0.6,5,3,0.6,33.3867,1.0,0,0.0,3,1.0,2,0.0,4,20,1213.3884130280103,7,0,2,0,2.1667,math,medium,0,1,24.34,0.819,1
1007,188,188,2006,2026-01-08T07:00:00+00:00,7,5,2,0.7143,32.976,1.0,2.4286,17,4,0.8,0,0,0.0,0.0,0.0,0,0.0,0,0.0,0,0.0,3,15,922.7989381270345,7,0,3,0,2.4286,dance,adaptive,1,0,49.18,0.567,1
1007,189,189,2006,2026-01-09T07:00:00+00:00,8,5,3,0.625,32.976,1.0,2.5,20,3,0.8,6,4,0.6667,31.125,1.0,0,0.0,4,1.0,2,0.0,2,10,639.3062778485719,7,0,4,0,2.5,math,hard,0,0,28.78,0.473,1
1007,190,190,2006,2026-01-10T07:00:00+00:00,9,5,4,0.5556,32.976,1.0,2.4444,22,2,0.6,0,0,0.0,0.0,0.0,0,0.0,0,0.0,0,0.0,4,20,1229.968932247472,7,0,5,1,2.4444,memory,hard,0,0,32.21,0.505,1
1007,191,191,2006,2026-01-11T07:00:00+00:00,10,5,5,0.5,32.976,1.0,2.6,26,4,0.4,7,4,0.5714,31.125,1.0,0,0.0,4,1.0,3,0.0,0,0,19.420879639254018,7,0,6,1,2.6,math,hard,0,1,34.01,0.903,1
1007,192,192,2006,2026-01-12T07:00:00+00:00,11,6,5,0.5455,33.1483,1.0,2.3636,26,0,0.4,8,5,0.625,31.702,1.0,0,0.0,4,1.0,4,0.25,4,20,1289.7809923218433,7,0,0,0,2.3636,math,hard,0,1,31.67,0.992,1
1007,193,193,2006,2026-01-13T07:00:00+00:00,12,7,5,0.5833,32.9371,1.0,2.5,30,4,0.4,1,0,0.0,0.0,1.0,0,0.0,0,0.0,1,0.0,4,20,1266.0175404773354,7,0,1,0,2.5,memory,adaptive,1,0,32.7,0.642,1
1007,194,194,2006,2026-01-14T07:00:00+00:00,13,7,6,0.5385,32.9371,1.0,2.6154,34,4,0.4,9,6,0.6667,31.6967,1.0,0,0.0,4,1.0,5,0.4,0,0,12.102722144661255,7,0,2,0,2.6154,math,easy,0,1,37.72,0.842,1
1007,195,195,2006,2026-01-15T07:00:00+00:00,14,8,6,0.5714,33.535,1.0,2.4286,34,0,0.6,0,0,0.0,0.0,0.0,0,0.0,0,0.0,0,0.0,3,15,967.5095727912576,7,0,3,0,2.4286,push_ups,easy,0,1,36.12,0.768,1
1007,196,196,2006,2026-01-16T07:00:00+00:00,15,9,6,0.6,33.8222,1.0,2.4667,37,3,0.8,1,0,0.0,0.0,1.0,0,0.0,1,0.0,0,0.0,3,15,954.1042754887307,7,0,4,0,2.4667,dance,hard,0,1,25.76,0.942,1
1007,197,197,2006,2026-01-17T07:00:00+00:00,16,10,6,0.625,33.016,1.0,2.5,40,3,0.8,10,7,0.7,32.5571,1.0,1,1.0,4,1.0,5,0.4,4,20,1228.0376227772374,7,0,5,1,2.5,math,adaptive,1,1,30.94,0.77,1
1007,198,198,2006,2026-01-18T07:00:00+00:00,17,11,6,0.6471,32.8273,1.0,2.5882,44,4,0.8,11,8,0.7273,32.355,1.0,1,1.0,5,1.0,5,0.4,4,20,1285.3285590294877,7,0,6,1,2.5882,math,medium,0,0,34.52,0.462,1
1007,199,199,2006,2026-01-19T07:00:00+00:00,18,11,7,0.6111,32.8273,1.0,2.6667,48,4,0.8,12,8,0.6667,32.355,1.0,1,1.0,6,0.8333,5,0.4,0,0,55.089442754503665,7,0,0,0,2.6667,math,medium,0,1,36.5,0.91,1
1007,200,200,2006,2026-01-20T07:00:00+00:00,19,12,7,0.6316,33.1333,1.0,2.5263,48,0,0.8,13,9,0.6923,32.8156,1.0,1,1.0,7,0.8571,5,0.4,0,0,43.32694269305969,7,0,1,0,2.5263,math,easy,0,1,35.27,0.875,1
1007,201,201,2006,2026-01-21T07:00:00+00:00,20,13,7,0.65,33.2977,1.0,2.4,48,0,0.8,14,10,0.7143,33.061,1.0,2,1.0,7,0.8571,5,0.4,3,15,942.4874021395647,7,0,2,0,2.4,math,medium,0,1,33.9,0.854,1
1007,202,202,2006,2026-01-22T07:00:00+00:00,21,14,7,0.6667,33.3407,1.0,2.4286,51,3,0.8,15,11,0.7333,33.1373,1.0,2,1.0,8,0.875,5,0.4,2,10,668.7359803843638,7,0,3,0,2.4286,math,medium,0,1,32.28,0.994,1
1007,203,203,2006,2026-01-23T07:00:00+00:00,22,15,7,0.6818,33.27,1.0,2.4091,53,2,0.8,16,12,0.75,33.0658,1.0,2,1.0,9,0.8889,5,0.4,4,20,1221.2702108006547,7,0,4,0,2.4091,math,medium,0,0,44.41,0.33,1
1007,204,204,2006,2026-01-24T07:00:00+00:00,23,15,8,0.6522,33.27,1.0,2.4783,57,4,0.8,17,12,0.7059,33.0658,1.0,2,1.0,10,0.8,5,0.4,0,0,67.69027430576975,7,0,5,1,2.4783,math,medium,0,0,31.64,0.188,1
1007,205,205,2006,2026-01-25T07:00:00+00:00,24,15,9,0.625,33.27,1.0,2.375,57,0,0.6,1,1,1.0,40.38,1.0,0,0.0,1,1.0,0,0.0,4,20,1229.2582912535336,7,0,6,1,2.375,tongue_twister,hard,0,1,38.88,0.899,1
1007,206,206,2006,2026-01-26T07:00:00+00:00,25,16,9,0.64,33.6206,1.0,2.44,61,4,0.6,2,2,1.0,39.63,1.0,0,0.0,1,1.0,1,1.0,1,5,344.47422154780327,7,0,0,0,2.44,tongue_twister,medium,0,1,36.22,0.932,1
1007,207,207,2006,2026-01-27T07:00:00+00:00,26,17,9,0.6538,33.7735,1.0,2.3846,62,1,0.6,18,12,0.6667,33.0658,1.0,2,1.0,11,0.7273,5,0.4,4,20,1240.9079059983824,7,0,1,0,2.3846,math,medium,0,1,26.11,0.906,1
1007,208,208,2006,2026-01-28T07:00:00+00:00,27,18,9,0.6667,33.3478,1.0,2.4444,66,4,0.6,19,13,0.6842,32.5308,1.0,2,1.0,12,0.75,5,0.4,0,0,41.51229701828857,7,0,2,0,2.4444,math,easy,0,1,32.12,0.835,1
1007,209,209,2006,2026-01-29T07:00:00+00:00,28,19,9,0.6786,33.2832,1.0,2.3571,66,0,0.8,20,14,0.7,32.5014,1.0,3,1.0,12,0.75,5,0.4,4,20,1274.317268415537,7,0,3,0,2.3571,math,easy,0,1,41.27,0.785,1
1007,210,210,2006,2026-01-30T07:00:00+00:00,29,20,9,0.6897,33.6825,1.0,2.4138,70,4,1.0,2,0,0.0,0.0,1.0,0,0.0,1,0.0,1,0.0,2,10,657.497972450479,7,0,4,0,2.4138,memory,easy,0,1,43.51,0.877,1
1008,211,211,2007,2026-01-01T08:00:00+00:00,0,0,0,0.0,0.0,0.0,0.0,0,0,0.0,0,0,0.0,0.0,0.0,0,0.0,0,0.0,0,0.0,4,20,1234.6142266969412,8,0,3,0,0.0,memory,medium,0,1,49.89,0.899,1
1008,212,212,2007,2026-01-02T08:00:00+00:00,1,1,0,1.0,49.89,1.0,4.0,4,4,1.0,1,1,1.0,49.89,1.0,0,0.0,1,1.0,0,0.0,0,0,56.681862163811196,8,0,4,0,4.0,memory,easy,0,0,39.93,0.446,1
1008,213,213,2007,2026-01-03T08:00:00+00:00,2,1,1,0.5,49.89,1.0,2.0,4,0,0.5,2,1,0.5,49.89,1.0,1,0.0,1,1.0,0,0.0,3,15,918.7916417066957,8,0,5,1,2.0,memory,hard,0,0,43.88,0.48,1
1008,214,214,2007,2026-01-04T08:00:00+00:00,3,1,2,0.3333,49.89,1.0,2.3333,7,3,0.3333,3,1,0.3333,49.89,1.0,1,0.0,1,1.0,1,0.0,0,0,68.86698170149451,8,0,6,1,2.3333,memory,hard,0,0,47.64,0.176,1
1008,215,215,2007,2026-01-05T08:00:00+00:00,4,1,3,0.25,49.89,1.0,1.75,7,0,0.25,4,1,0.25,49.89,1.0,1,0.0,1,1.0,2,0.0,0,0,48.26967866747209,8,0,0,0,1.75,memory,medium,0,1,50.34,0.883,1
1008,216,216,2007,2026-01-06T08:00:00+00:00,5,2,3,0.4,50.115,1.0,1.4,7,0,0.4,5,2,0.4,50.115,1.0,1,0.0,2,1.0,2,0.0,0,0,25.38113353093707,8,0,1,0,1.4,memory,medium,0,0,43.51,0.407,1
1008,217,217,2007,2026-01-07T08:00:00+00:00,6,2,4,0.3333,50.115,1.0,1.1667,7,0,0.2,6,2,0.3333,50.115,1.0,1,0.0,3,0.6667,2,0.0,0,0,66.3920749469267,8,0,2,0,1.1667,memory,medium,0,1,39.3,0.89,1
1008,218,218,2007,2026-01-08T08:00:00+00:00,7,3,4,0.4286,46.51,1.0,1.0,7,0,0.4,7,3,0.4286,46.51,1.0,1,0.0,4,0.75,2,0.0,1,5,340.3755348299506,8,0,3,0,1.0,memory,medium,0,1,45.39,0.955,1
1008,219,219,2007,2026-01-09T08:00:00+00:00,8,4,4,0.5,46.23,1.0,1.0,8,1,0.6,0,0,0.0,0.0,0.0,0,0.0,0,0.0,0,0.0,1,5,316.322354880788,8,0,4,0,1.0,math,medium,0,1,40.38,0.803,1
1008,220,220,2007,2026-01-10T08:00:00+00:00,9,5,4,0.5556,45.06,1.0,1.0,9,1,0.8,8,4,0.5,46.23,1.0,1,0.0,5,0.8,2,0.0,4,20,1252.483319178624,8,0,5,1,1.0,memory,medium,0,1,38.11,0.763,1
1008,221,221,2007,2026-01-11T08:00:00+00:00,10,6,4,0.6,43.9017,1.0,1.3,13,4,0.8,9,5,0.5556,44.606,1.0,1,0.0,6,0.8333,2,0.0,1,5,310.4145157125704,8,0,6,1,1.3,memory,hard,0,1,49.61,0.984,1
1008,222,222,2007,2026-01-12T08:00:00+00:00,11,7,4,0.6364,44.7171,1.0,1.2727,14,1,1.0,0,0,0.0,0.0,0.0,0,0.0,0,0.0,0,0.0,0,0,32.97960300515157,8,0,0,0,1.2727,tongue_twister,easy,0,1,42.8,0.765,1
1008,223,223,2007,2026-01-13T08:00:00+00:00,12,8,4,0.6667,44.4775,1.0,1.1667,14,0,1.0,10,6,0.6,45.44,1.0,1,0.0,6,0.8333,3,0.3333,0,0,67.84941425939387,8,0,1,0,1.1667,memory,easy,0,1,47.65,0.971,1
1008,224,224,2007,2026-01-14T08:00:00+00:00,13,9,4,0.6923,44.83,1.0,1.0769,14,0,1.0,11,7,0.6364,45.7557,1.0,2,0.5,6,0.8333,3,0.3333,0,0,41.759565942263976,8,0,2,0,1.0769,memory,adaptive,1,1,43.39,0.984,1
1008,225,225,2007,2026-01-15T08:00:00+00:00,14,10,4,0.7143,44.686,1.0,1.0,14,0,1.0,12,8,0.6667,45.46,1.0,2,0.5,7,0.8571,3,0.3333,1,5,318.584055261883,8,0,3,0,1.0,memory,adaptive,1,1,41.76,0.886,1
1008,226,226,2007,2026-01-16T08:00:00+00:00,15,11,4,0.7333,44.42,1.0,1.0,15,1,1.0,13,9,0.6923,45.0489,1.0,2,0.5,8,0.875,3,0.3333,0,0,47.4416615205032,8,0,4,0,1.0,memory,easy,0,0,59.68,0.162,1
1008,227,227,2007,2026-01-17T08:00:00+00:00,16,11,5,0.6875,44.42,1.0,0.9375,15,0,0.8,14,9,0.6429,45.0489,1.0,3,0.3333,8,0.875,3,0.3333,1,5,311.12673564947715,8,0,5,1,0.9375,memory,hard,0,0,42.91,0.206,1
1008,228,228,2007,2026-01-18T08:00:00+00:00,17,11,6,0.6471,44.42,1.0,0.9412,16,1,0.6,15,9,0.6,45.0489,1.0,3,0.3333,8,0.875,4,0.25,0,0,51.22245271678367,8,0,6,1,0.9412,memory,hard,0,0,52.19,0.468,1
1008,229,229,2007,2026-01-19T08:00:00+00:00,18,11,7,0.6111,44.42,1.0,0.8889,16,0,0.4,16,9,0.5625,45.0489,1.0,3,0.3333,8,0.875,5,0.2,1,5,310.54640964316445,8,0,0,0,0.8889,memory,easy,0,1,41.28,0.832,1
1008,230,230,2007,2026-01-20T08:00:00+00:00,19,12,7,0.6316,44.1583,1.0,0.8947,17,1,0.4,17,10,0.5882,44.672,1.0,4,0.5,8,0.875,5,0.2,3,15,947.2315992753544,8,0,1,0,0.8947,memory,adaptive,1,0,46.29,0.477,1
1008,231,231,2007,2026-01-21T08:00:00+00:00,20,12,8,0.6,44.1583,1.0,1.0,20,3,0.2,18,10,0.5556,44.672,1.0,4,0.5,9,0.7778,5,0.2,0,0,85.25084989967203,8,0,2,0,1.0,memory,adaptive,1,1,47.29,0.87,1
1008,232,232,2007,2026-01-22T08:00:00+00:00,21,13,8,0.619,44.3992,1.0,0.9524,20,0,0.4,19,11,0.5789,44.91,1.0,4,0.5,10,0.8,5,0.2,1,5,347.66624615034493,8,0,3,0,0.9524,memory,medium,0,1,57.35,0.916,1
1008,233,233,2007,2026-01-23T08:00:00+00:00,22,14,8,0.6364,45.3243,1.0,0.9545,21,1,0.6,20,12,0.6,45.9467,1.0,4,0.5,11,0.8182,5,0.2,0,0,57.66515724249783,8,0,4,0,0.9545,memory,easy,0,1,38.95,0.84,1
1008,234,234,2007,2026-01-24T08:00:00+00:00,23,15,8,0.6522,44.8993,1.0,0.913,21,0,0.8,0,0,0.0,0.0,0.0,0,0.0,0,0.0,0,0.0,0,0,82.2310528191847,8,0,5,1,0.913,dance,adaptive,1,0,44.02,0.395,1
1008,235,235,2007,2026-01-25T08:00:00+00:00,24,15,9,0.625,44.8993,1.0,0.875,21,0,0.6,21,13,0.619,45.4085,1.0,5,0.6,11,0.8182,5,0.2,4,20,1274.695366654179,8,0,6,1,0.875,memory,hard,0,0,39.5,0.132,1
1008,236,236,2007,2026-01-26T08:00:00+00:00,25,15,10,0.6,44.8993,1.0,1.0,25,4,0.6,22,13,0.5909,45.4085,1.0,5,0.6,11,0.8182,6,0.1667,0,0,41.6758967962606,8,0,0,0,1.0,memory,medium,0,1,44.54,0.936,1
1008,237,237,2007,2026-01-27T08:00:00+00:00,26,16,10,0.6154,44.8769,1.0,0.9615,25,0,0.6,23,14,0.6087,45.3464,1.0,5,0.6,12,0.8333,6,0.1667,1,5,353.29308032639244,8,0,1,0,0.9615,memory,adaptive,1,0,56.51,0.36,1
1008,238,238,2007,2026-01-28T08:00:00+00:00,27,16,11,0.5926,44.8769,1.0,0.963,26,1,0.4,24,14,0.5833,45.3464,1.0,5,0.6,13,0.7692,6,0.1667,0,0,71.26621463389694,8,0,2,0,0.963,memory,easy,0,1,35.98,0.911,1
1008,239,239,2007,2026-01-29T08:00:00+00:00,28,17,11,0.6071,44.3535,1.0,0.9286,26,0,0.4,25,15,0.6,44.722,1.0,6,0.6667,13,0.7692,6,0.1667,1,5,340.1997079704079,8,0,3,0,0.9286,memory,hard,0,0,54.93,0.173,1
1008,240,240,2007,2026-01-30T08:00:00+00:00,29,17,12,0.5862,44.3535,1.0,0.931,27,1,0.4,1,0,0.0,0.0,1.0,0,0.0,1,0.0,0,0.0,0,0,41.444690542723265,8,0,4,0,0.931,dance,easy,0,0,42.72,0.638,1
1009,241,241,2008,2026-01-01T09:00:00+00:00,0,0,0,0.0,0.0,0.0,0.0,0,0,0.0,0,0,0.0,0.0,0.0,0,0.0,0,0.0,0,0.0,0,0,67.52751800086816,9,0,3,0,0.0,dance,medium,0,1,19.38,0.865,1
1009,242,242,2008,2026-01-02T09:00:00+00:00,1,1,0,1.0,19.38,1.0,0.0,0,0,1.0,0,0,0.0,0.0,0.0,0,0.0,0,0.0,0,0.0,0,0,68.00191567271347,9,0,4,0,0.0,tongue_twister,easy,0,1,24.48,0.952,1
1009,243,243,2008,2026-01-03T09:00:00+00:00,2,2,0,1.0,21.93,1.0,0.0,0,0,1.0,1,1,1.0,24.48,1.0,1,1.0,0,0.0,0,0.0,2,10,645.7152852998881,9,0,5,1,0.0,tongue_twister,adaptive,1,1,24.6,0.761,1
1009,244,244,2008,2026-01-04T09:00:00+00:00,3,3,0,1.0,22.82,1.0,0.6667,2,2,1.0,2,2,1.0,24.54,1.0,1,1.0,1,1.0,0,0.0,0,0,72.08508971717598,9,0,6,1,0.6667,tongue_twister,easy,0,1,19.31,0.998,1
1009,245,245,2008,2026-01-05T09:00:00+00:00,4,4,0,1.0,21.9425,1.0,0.5,2,0,1.0,3,3,1.0,22.7967,1.0,2,1.0,1,1.0,0,0.0,0,0,71.8030569985699,9,0,0,0,0.5,tongue_twister,medium,0,1,22.84,0.996,1
1009,246,246,2008,2026-01-06T09:00:00+00:00,5,5,0,1.0,22.122,1.0,0.4,2,0,1.0,4,4,1.0,22.8075,1.0,2,1.0,2,1.0,0,0.0,0,0,14.876610968540973,9,0,1,0,0.4,tongue_twister,hard,0,1,32.19,0.97,1
1009,247,247,2008,2026-01-07T09:00:00+00:00,6,6,0,1.0,23.8,1.0,0.3333,2,0,1.0,5,5,1.0,24.684,1.0,2,1.0,2,1.0,1,1.0,1,5,361.46528522452263,9,0,2,0,0.3333,tongue_twister,hard,0,1,14.37,0.852,1
1009,248,248,2008,2026-01-08T09:00:00+00:00,7,7,0,1.0,22.4529,1.0,0.4286,3,1,1.0,6,6,1.0,22.965,1.0,2,1.0,2,1.0,2,1.0,0,0,47.88150563297759,9,0,3,0,0.4286,tongue_twister,easy,0,1,20.82,0.825,1
1009,249,249,2008,2026-01-09T09:00:00+00:00,8,8,0,1.0,22.2488,1.0,0.375,3,0,1.0,7,7,1.0,22.6586,1.0,3,1.0,2,1.0,2,1.0,0,0,54.99087596695273,9,0,4,0,0.375,tongue_twister,hard,0,1,19.49,0.811,1
1009,250,250,2008,2026-01-10T09:00:00+00:00,9,9,0,1.0,21.9422,1.0,0.3333,3,0,1.0,8,8,1.0,22.2625,1.0,3,1.0,2,1.0,3,1.0,0,0,77.77067087356895,9,0,5,1,0.3333,tongue_twister,adaptive,1,0,21.05,0.499,1
1009,251,251,2008,2026-01-11T09:00:00+00:00,10,9,1,0.9,21.9422,1.0,0.3,3,0,0.8,9,8,0.8889,22.2625,1.0,3,1.0,3,0.6667,3,1.0,1,5,313.16380433656,9,0,6,1,0.3,tongue_twister,medium,0,0,24.24,0.469,1
1009,252,252,2008,2026-01-12T09:00:00+00:00,11,9,2,0.8182,21.9422,1.0,0.3636,4,1,0.6,10,8,0.8,22.2625,1.0,3,1.0,4,0.5,3,1.0,0,0,36.637144865505704,9,0,0,0,0.3636,tongue_twister,easy,0,1,15.73,0.754,1
1009,253,253,2008,2026-01-13T09:00:00+00:00,12,10,2,0.8333,21.321,1.0,0.3333,4,0,0.6,1,1,1.0,19.38,1.0,0,0.0,1,1.0,0,0.0,0,0,65.65010285639855,9,0,1,0,0.3333,dance,hard,0,1,19.05,0.83,1
1009,254,254,2008,2026-01-14T09:00:00+00:00,13,11,2,0.8462,21.1145,1.0,0.3077,4,0,0.6,11,9,0.8182,21.5367,1.0,4,1.0,4,0.5,3,1.0,0,0,38.74076444412606,9,0,2,0,0.3077,tongue_twister,hard,0,0,24.24,0.382,1
1009,255,255,2008,2026-01-15T09:00:00+00:00,14,11,3,0.7857,21.1145,1.0,0.2857,4,0,0.4,12,9,0.75,21.5367,1.0,4,1.0,4,0.5,4,0.75,0,0,67.79308585494185,9,0,3,0,0.2857,tongue_twister,adaptive,1,1,20.56,0.828,1
1009,256,256,2008,2026-01-16T09:00:00+00:00,15,12,3,0.8,21.0683,1.0,0.2667,4,0,0.6,13,10,0.7692,21.439,1.0,4,1.0,5,0.6,4,0.75,0,0,11.297592080100838,9,0,4,0,0.2667,tongue_twister,easy,0,1,25.05,0.896,1
1009,257,257,2008,2026-01-17T09:00:00+00:00,16,13,3,0.8125,21.3746,1.0,0.25,4,0,0.8,14,11,0.7857,21.7673,1.0,5,1.0,5,0.6,4,0.75,3,15,949.9441185895458,9,0,5,1,0.25,tongue_twister,medium,0,1,20.46,0.955,1
1009,258,258,2008,2026-01-18T09:00:00+00:00,17,14,3,0.8235,21.3093,1.0,0.4118,7,3,0.8,15,12,0.8,21.6583,1.0,5,1.0,6,0.6667,4,0.75,1,5,323.5412568688145,9,0,6,1,0.4118,tongue_twister,hard,0,1,18.46,0.872,1
1009,259,259,2008,2026-01-19T09:00:00+00:00,18,15,3,0.8333,21.1193,1.0,0.4444,8,1,0.8,0,0,0.0,0.0,0.0,0,0.0,0,0.0,0,0.0,0,0,77.12547948759638,9,0,0,0,0.4444,push_ups,adaptive,1,0,22.65,0.104,1
1009,260,260,2008,2026-01-20T09:00:00+00:00,19,15,4,0.7895,21.1193,1.0,0.4211,8,0,0.8,16,13,0.8125,21.4123,1.0,5,1.0,6,0.6667,5,0.8,3,15,914.8360095130415,9,0,1,0,0.4211,tongue_twister,easy,0,1,20.56,0.983,1
1009,261,261,2008,2026-01-21T09:00:00+00:00,20,16,4,0.8,21.0844,1.0,0.55,11,3,0.8,17,14,0.8235,21.3514,1.0,6,1.0,6,0.6667,5,0.8,1,5,310.9480774502314,9,0,2,0,0.55,tongue_twister,adaptive,1,1,19.87,0.754,1
1009,262,262,2008,2026-01-22T09:00:00+00:00,21,17,4,0.8095,21.0129,1.0,0.5714,12,1,0.8,18,15,0.8333,21.2527,1.0,6,1.0,7,0.7143,5,0.8,4,20,1275.2171512570626,9,0,3,0,0.5714,tongue_twister,easy,0,1,35.61,0.849,1
1009,263,263,2008,2026-01-23T09:00:00+00:00,22,18,4,0.8182,21.8239,1.0,0.7273,16,4,0.8,19,16,0.8421,22.15,1.0,7,1.0,7,0.7143,5,0.8,0,0,29.45663153543056,9,0,4,0,0.7273,tongue_twister,hard,0,1,19.1,0.77,1
1009,264,264,2008,2026-01-24T09:00:00+00:00,23,19,4,0.8261,21.6805,1.0,0.6957,16,0,0.8,2,2,1.0,19.215,1.0,0,0.0,1,1.0,1,1.0,3,15,966.2276120015285,9,0,5,1,0.6957,dance,adaptive,1,0,30.92,0.565,1
1009,265,265,2008,2026-01-25T09:00:00+00:00,24,19,5,0.7917,21.6805,1.0,0.7917,19,3,0.8,20,17,0.85,21.9706,1.0,7,1.0,7,0.7143,6,0.8333,0,0,78.63682506909355,9,0,6,1,0.7917,tongue_twister,medium,0,0,20.55,0.216,1
1009,266,266,2008,2026-01-26T09:00:00+00:00,25,19,6,0.76,21.6805,1.0,0.76,19,0,0.6,1,0,0.0,0.0,1.0,0,0.0,1,0.0,0,0.0,1,5,364.7542994770913,9,0,0,0,0.76,push_ups,hard,0,0,21.74,0.399,1
1009,267,267,2008,2026-01-27T09:00:00+00:00,26,19,7,0.7308,21.6805,1.0,0.7692,20,1,0.4,21,17,0.8095,21.9706,1.0,7,1.0,8,0.625,6,0.8333,0,0,35.15877545813208,9,0,1,0,0.7692,tongue_twister,easy,0,1,14.87,0.928,1
1009,268,268,2008,2026-01-28T09:00:00+00:00,27,20,7,0.7407,21.34,1.0,0.7407,20,0,0.4,22,18,0.8182,21.5761,1.0,8,1.0,8,0.625,6,0.8333,1,5,355.33567359128625,9,0,2,0,0.7407,tongue_twister,adaptive,1,1,17.66,0.919,1
1009,269,269,2008,2026-01-29T09:00:00+00:00,28,21,7,0.75,21.1648,1.0,0.75,21,1,0.4,23,19,0.8261,21.37,1.0,8,1.0,9,0.6667,6,0.8333,0,0,21.196047538815783,9,0,3,0,0.75,tongue_twister,hard,0,1,21.05,0.994,1
1009,270,270,2008,2026-01-30T09:00:00+00:00,29,22,7,0.7586,21.1595,1.0,0.7241,21,0,0.6,24,20,0.8333,21.354,1.0,8,1.0,9,0.6667,7,0.8571,2,10,659.1092186897149,9,0,4,0,0.7241,tongue_twister,hard,0,1,16.18,0.992,1
1010,271,271,2009,2026-01-01T07:00:00+00:00,0,0,0,0.0,0.0,0.0,0.0,0,0,0.0,0,0,0.0,0.0,0.0,0,0.0,0,0.0,0,0.0,0,0,46.04401558077541,7,0,3,0,0.0,push_ups,medium,0,1,13.42,0.796,1
1010,272,272,2009,2026-01-02T07:00:00+00:00,1,1,0,1.0,13.42,1.0,0.0,0,0,1.0,1,1,1.0,13.42,1.0,0,0.0,1,1.0,0,0.0,1,5,373.8444139042197,7,0,4,0,0.0,push_ups,hard,0,1,16.41,0.771,1
1010,273,273,2009,2026-01-03T07:00:00+00:00,2,2,0,1.0,14.915,1.0,0.5,1,1,1.0,2,2,1.0,14.915,1.0,0,0.0,1,1.0,1,1.0,0,0,35.3342582945229,7,0,5,1,0.5,push_ups,easy,0,1,22.29,0.84,1
1010,274,274,2009,2026-01-04T07:00:00+00:00,3,3,0,1.0,17.3733,1.0,0.3333,1,0,1.0,3,3,1.0,17.3733,1.0,1,1.0,1,1.0,1,1.0,2,10,650.9952678728367,7,0,6,1,0.3333,push_ups,easy,0,0,18.14,0.149,1
1010,275,275,2009,2026-01-05T07:00:00+00:00,4,3,1,0.75,17.3733,1.0,0.75,3,2,0.75,4,3,0.75,17.3733,1.0,2,0.5,1,1.0,1,1.0,0,0,10.987249190716355,7,0,0,0,0.75,push_ups,medium,0,1,19.46,0.89,1
1010,276,276,2009,2026-01-06T07:00:00+00:00,5,4,1,0.8,17.895,1.0,0.6,3,0,0.8,0,0,0.0,0.0,0.0,0,0.0,0,0.0,0,0.0,0,0,23.560139619612723,7,0,1,0,0.6,math,easy,0,1,10.1,0.817,1
1010,277,277,2009,2026-01-07T07:00:00+00:00,6,5,1,0.8333,16.336,1.0,0.5,3,0,0.8,5,4,0.8,17.895,1.0,2,0.5,2,1.0,1,1.0,0,0,43.68818718180194,7,0,2,0,0.5,push_ups,easy,0,1,21.37,0.812,1
1010,278,278,2009,2026-01-08T07:00:00+00:00,7,6,1,0.8571,17.175,1.0,0.4286,3,0,0.8,6,5,0.8333,18.59,1.0,3,0.6667,2,1.0,1,1.0,0,0,20.839162054454086,7,0,3,0,0.4286,push_ups,easy,0,0,19.77,0.318,1
1010,279,279,2009,2026-01-09T07:00:00+00:00,8,6,2,0.75,17.175,1.0,0.375,3,0,0.6,0,0,0.0,0.0,0.0,0,0.0,0,0.0,0,0.0,0,0,44.44929767577378,7,0,4,0,0.375,tongue_twister,medium,0,1,14.09,0.825,1
1010,280,280,2009,2026-01-10T07:00:00+00:00,9,7,2,0.7778,16.7343,1.0,0.3333,3,0,0.8,7,5,0.7143,18.59,1.0,4,0.5,2,1.0,1,1.0,0,0,24.210981705531253,7,0,5,1,0.3333,push_ups,easy,0,1,12.54,0.83,1
1010,281,281,2009,2026-01-11T07:00:00+00:00,10,8,2,0.8,16.21,1.0,0.3,3,0,0.8,8,6,0.75,17.5817,1.0,5,0.6,2,1.0,1,1.0,0,0,72.55794956828612,7,0,6,1,0.3,push_ups,hard,0,1,16.34,0.841,1
1010,282,282,2009,2026-01-12T07:00:00+00:00,11,9,2,0.8182,16.2244,1.0,0.2727,3,0,0.8,1,1,1.0,10.1,1.0,1,1.0,0,0.0,0,0.0,0,0,54.00793255979782,7,0,0,0,0.2727,math,easy,0,1,26.62,0.865,1
1010,283,283,2009,2026-01-13T07:00:00+00:00,12,10,2,0.8333,17.264,1.0,0.25,3,0,0.8,9,7,0.7778,17.4043,1.0,5,0.6,2,1.0,2,1.0,0,0,76.50254469682889,7,0,1,0,0.25,push_ups,hard,0,0,23.13,0.47,1
1010,284,284,2009,2026-01-14T07:00:00+00:00,13,10,3,0.7692,17.264,1.0,0.2308,3,0,0.8,10,7,0.7,17.4043,1.0,5,0.6,2,1.0,3,0.6667,1,5,367.2189113039541,7,0,2,0,0.2308,push_ups,medium,0,1,10.73,0.768,1
1010,285,285,2009,2026-01-15T07:00:00+00:00,14,11,3,0.7857,16.67,1.0,0.2857,4,1,0.8,1,1,1.0,14.09,1.0,0,0.0,1,1.0,0,0.0,0,0,83.87966032051574,7,0,3,0,0.2857,tongue_twister,hard,0,1,16.81,0.992,1
1010,286,286,2009,2026-01-16T07:00:00+00:00,15,12,3,0.8,16.6817,1.0,0.2667,4,0,0.8,11,8,0.7273,16.57,1.0,5,0.6,3,1.0,3,0.6667,2,10,623.3070794624089,7,0,4,0,0.2667,push_ups,adaptive,1,1,18.67,0.891,1
1010,287,287,2009,2026-01-17T07:00:00+00:00,16,13,3,0.8125,16.8346,1.0,0.375,6,2,0.8,12,9,0.75,16.8033,1.0,5,0.6,4,1.0,3,0.6667,0,0,36.5277361665468,7,0,5,1,0.375,push_ups,hard,0,1,19.79,0.806,1
1010,288,288,2009,2026-01-18T07:00:00+00:00,17,14,3,0.8235,17.0457,1.0,0.3529,6,0,0.8,13,10,0.7692,17.102,1.0,5,0.6,4,1.0,4,0.75,2,10,657.0871965232118,7,0,6,1,0.3529,push_ups,easy,0,1,19.41,0.836,1
1010,289,289,2009,2026-01-19T07:00:00+00:00,18,15,3,0.8333,17.2033,1.0,0.4444,8,2,1.0,14,11,0.7857,17.3118,1.0,6,0.6667,4,1.0,4,0.75,0,0,83.64380357368461,7,0,0,0,0.4444,push_ups,adaptive,1,0,21.96,0.292,1
1010,290,290,2009,2026-01-20T07:00:00+00:00,19,15,4,0.7895,17.2033,1.0,0.4211,8,0,0.8,15,11,0.7333,17.3118,1.0,6,0.6667,5,0.8,4,0.75,0,0,37.86402373085173,7,0,1,0,0.4211,push_ups,easy,0,1,10.94,0.93,1
1010,291,291,2009,2026-01-21T07:00:00+00:00,20,16,4,0.8,16.8119,1.0,0.4,8,0,0.8,16,12,0.75,16.7808,1.0,7,0.7143,5,0.8,4,0.75,0,0,74.81487495349585,7,0,2,0,0.4,push_ups,adaptive,1,0,22.22,0.472,1
1010,292,292,2009,2026-01-22T07:00:00+00:00,21,16,5,0.7619,16.8119,1.0,0.381,8,0,0.6,17,12,0.7059,16.7808,1.0,7,0.7143,6,0.6667,4,0.75,0,0,54.1528231860016,7,0,3,0,0.381,push_ups,easy,0,1,12.13,0.857,1
1010,293,293,2009,2026-01-23T07:00:00+00:00,22,17,5,0.7727,16.5365,1.0,0.3636,8,0,0.6,18,13,0.7222,16.4231,1.0,8,0.75,6,0.6667,4,0.75,0,0,24.910954022692955,7,0,4,0,0.3636,push_ups,hard,0,1,11.52,0.971,1
1010,294,294,2009,2026-01-24T07:00:00+00:00,23,18,5,0.7826,16.2578,1.0,0.3478,8,0,0.6,19,14,0.7368,16.0729,1.0,8,0.75,6,0.6667,5,0.8,1,5,326.46275834938575,7,0,5,1,0.3478,push_ups,hard,0,1,22.99,0.952,1
1010,295,295,2009,2026-01-25T07:00:00+00:00,24,19,5,0.7917,16.6121,1.0,0.375,9,1,0.8,20,15,0.75,16.534,1.0,8,0.75,6,0.6667,6,0.8333,0,0,52.95112084565153,7,0,6,1,0.375,push_ups,adaptive,1,1,18.8,0.918,1
1010,296,296,2009,2026-01-26T07:00:00+00:00,25,20,5,0.8,16.7215,1.0,0.36,9,0,0.8,21,16,0.7619,16.6756,1.0,8,0.75,7,0.7143,6,0.8333,0,0,58.90467369112015,7,0,0,0,0.36,push_ups,medium,0,1,20.32,0.837,1
1010,297,297,2009,2026-01-27T07:00:00+00:00,26,21,5,0.8077,16.8929,1.0,0.3462,9,0,1.0,22,17,0.7727,16.89,1.0,8,0.75,8,0.75,6,0.8333,0,0,66.47906887567841,7,0,1,0,0.3462,push_ups,easy,0,1,16.42,0.783,1
1010,298,298,2009,2026-01-28T07:00:00+00:00,27,22,5,0.8148,16.8714,1.0,0.3333,9,0,1.0,23,18,0.7826,16.8639,1.0,9,0.7778,8,0.75,6,0.8333,1,5,321.3086834614425,7,0,2,0,0.3333,push_ups,medium,0,1,16.61,0.899,1
1010,299,299,2009,2026-01-29T07:00:00+00:00,28,23,5,0.8214,16.86,1.0,0.3571,10,1,1.0,24,19,0.7917,16.8505,1.0,9,0.7778,9,0.7778,6,0.8333,1,5,365.47463412234845,7,0,3,0,0.3571,push_ups,hard,0,1,24.36,0.872,1
1010,300,300,2009,2026-01-30T07:00:00+00:00,29,24,5,0.8276,17.1725,1.0,0.3793,11,1,1.0,25,20,0.8,17.226,1.0,9,0.7778,9,0.7778,7,0.8571,0,0,59.552798303134,7,0,4,0,0.3793,push_ups,medium,0,1,18.0,0.988,1
